1,1.1,图文问诊,298.00,48小时,0.10
2,1,电话问诊,398.0,15分钟,26.53
3,1,门诊加号,0.0,,
4,1,私人医生,2000.0,1个月,0.05
5,2,图文问诊,42.0,48小时,0.01
6,3,图文问诊,199.0,48小时,0.07
7,3,电话问诊,166.0,15分钟,11.07
8,3,门诊加号,0.0,,
9,3,视频问诊,210.0,15分钟,14.0
10,4,图文问诊,79.0,48小时,0.03
11,4,电话问诊,65.0,10分钟,6.5
12,4,门诊加号,0.0,,
13,4,私人医生,690.0,1个月,0.02
14,5,图文问诊,49.0,48小时,0.02
15,5,电话问诊,100.0,15分钟,6.67
16,5,视频问诊,200.0,15分钟,13.33
17,5,私人医生,500.0,7天,0.05
18,6,图文问诊,200.0,48小时,0.07
19,7,图文问诊,189.0,48小时,0.07
20,7,电话问诊,179.0,15分钟,11.93
21,7,私人医生,689.0,1个月,0.02
22,8,图文问诊,99.0,48小时,0.03
23,8,电话问诊,100.0,1015分钟,0.1
24,8,视频问诊,150.0,1510分钟,0.1
25,8,私人医生,1000.0,1个月,0.02
26,9,图文问诊,158.0,48小时,0.05
27,9,电话问诊,240.0,10分钟,24.0
28,10,图文问诊,90.0,48小时,0.03
29,10,电话问诊,99.0,15分钟,6.6
30,10,门诊加号,0.0,,
31,10,私人医生,500.0,1个月,0.01
32,11,图文问诊,180.0,48小时,0.06
33,12,图文问诊,68.0,48小时,0.02
34,12,电话问诊,98.0,10分钟,9.8
35,13,图文问诊,200.0,48小时,0.07
36,13,电话问诊,200.0,15分钟,13.33
37,13,视频问诊,229.0,15分钟,15.27
38,14,图文问诊,128.0,48小时,0.04
39,14,电话问诊,200.0,15分钟,13.33
40,14,门诊加号,0.0,,
41,14,视频问诊,500.0,15分钟,33.33
42,14,私人医生,600.0,1个月,0.01
43,15,图文问诊,100.0,48小时,0.03
44,16,图文问诊,68.0,48小时,0.02
45,17,图文问诊,99.0,48小时,0.03
46,17,电话问诊,100.0,1510分钟,0.07
47,17,视频问诊,200.0,15分钟,13.33
48,17,私人医生,600.0,1个月,0.01
49,18,电话问诊,45.0,10分钟,4.5
50,18,门诊加号,0.0,,
51,19,图文问诊,128.0,48小时,0.04
52,19,电话问诊,128.0,15分钟,8.53
53,19,视频问诊,158.0,15分钟,10.53
54,19,私人医生,309.0,1个月,0.01
55,20,图文问诊,30.0,48小时,0.01
56,20,电话问诊,30.0,10分钟,3.0
57,21,图文问诊,30.0,48小时,0.01
58,21,电话问诊,70.0,10分钟,7.0
59,21,视频问诊,75.0,15分钟,5.0
60,21,私人医生,1000.0,1个月,0.02
61,22,图文问诊,109.0,48小时,0.04
62,22,电话问诊,109.0,10分钟,10.9
63,22,私人医生,699.0,1个月,0.02
64,23,图文问诊,75.0,48小时,0.03
65,24,图文问诊,90.0,48小时,0.03
66,24,电话问诊,119.0,15分钟,7.93
67,24,视频问诊,119.0,15分钟,7.93
68,25,图文问诊,50.0,48小时,0.02
69,26,图文问诊,150.0,48小时,0.05
70,26,私人医生,300.0,1个月,0.01
71,27,图文问诊,129.0,48小时,0.04
72,27,电话问诊,200.0,15分钟,13.33
73,27,视频问诊,300.0,15分钟,20.0
74,28,图文问诊,45.0,48小时,0.02
75,28,电话问诊,45.0,10分钟,4.5
76,29,图文问诊,35.0,48小时,0.01
77,29,电话问诊,50.0,10分钟,5.0
78,30,图文问诊,90.0,48小时,0.03
79,31,图文问诊,199.0,48小时,0.07
80,31,电话问诊,199.0,10分钟,19.9
81,31,视频问诊,199.0,10分钟,19.9
82,32,图文问诊,300.0,48小时,0.1
83,32,私人医生,1000.0,1个月,0.02
84,33,图文问诊,99.0,48小时,0.03
85,33,电话问诊,139.0,10分钟,13.9
86,33,视频问诊,199.0,10分钟,19.9
87,34,图文问诊,79.0,48小时,0.03
88,34,电话问诊,90.0,10分钟,9.0
89,34,视频问诊,150.0,15分钟,10.0
90,34,私人医生,399.0,30天,0.01
91,35,图文问诊,48.0,48小时,0.02
92,35,电话问诊,70.0,10分钟,7.0
93,36,图文问诊,149.0,48小时,0.05
94,36,电话问诊,99.0,155分钟,0.64
95,36,视频问诊,169.0,15分钟,11.27
96,37,图文问诊,55.0,48小时,0.02
97,37,私人医生,500.0,1个月,0.01
98,38,图文问诊,99.0,48小时,0.03
99,38,电话问诊,99.0,10分钟,9.9
100,39,图文问诊,79.0,48小时,0.03
101,39,电话问诊,79.0,10分钟,7.9
102,39,门诊加号,0.0,,
103,40,图文问诊,59.0,48小时,0.02
104,41,图文问诊,50.0,48小时,0.02
105,42,图文问诊,59.0,48小时,0.02
106,43,图文问诊,380.0,48小时,0.13
107,43,电话问诊,300.0,15分钟,20.0
108,43,门诊加号,0.0,,
109,43,视频问诊,300.0,15分钟,20.0
110,43,私人医生,2000.0,1个月,0.05
111,44,图文问诊,60.0,48小时,0.02
112,44,电话问诊,70.0,1015分钟,0.07
113,45,图文问诊,40.0,48小时,0.01
114,46,图文问诊,323.0,48小时,0.11
115,46,电话问诊,318.0,10分钟,31.8
116,46,门诊加号,0.0,,
117,47,图文问诊,180.0,48小时,0.06
118,47,电话问诊,180.0,10分钟,18.0
119,48,图文问诊,30.0,48小时,0.01
120,49,图文问诊,80.0,48小时,0.03
121,50,图文问诊,300.0,48小时,0.1
122,51,图文问诊,800.0,48小时,0.28
123,52,图文问诊,99.0,48小时,0.03
124,53,图文问诊,258.0,48小时,0.09
125,53,电话问诊,258.0,15分钟,17.2
126,53,视频问诊,288.0,15分钟,19.2
127,53,私人医生,5000.0,1个月,0.12
128,54,图文问诊,30.0,48小时,0.01
129,54,电话问诊,30.0,10分钟,3.0
130,55,图文问诊,118.0,48小时,0.04
131,55,电话问诊,150.0,15分钟,10.0
132,55,视频问诊,200.0,15分钟,13.33
133,55,私人医生,599.0,30天,0.01
134,56,图文问诊,30.0,48小时,0.01
135,57,图文问诊,298.0,48小时,0.1
136,57,电话问诊,298.0,15分钟,19.87
137,57,门诊加号,0.0,,
138,57,视频问诊,298.0,15分钟,19.87
139,58,图文问诊,30.0,48小时,0.01
140,59,图文问诊,79.0,48小时,0.03
141,59,电话问诊,79.0,10分钟,7.9
142,60,图文问诊,59.0,48小时,0.02
143,60,电话问诊,30.0,10分钟,3.0
144,61,图文问诊,296.0,48小时,0.1
145,61,视频问诊,399.0,15分钟,26.6
146,61,私人医生,2000.0,1个月,0.05
147,62,图文问诊,50.0,48小时,0.02
148,63,图文问诊,44.0,48小时,0.02
149,64,图文问诊,300.0,48小时,0.1
150,65,图文问诊,300.0,48小时,0.1
151,66,图文问诊,90.0,48小时,0.03
152,66,电话问诊,79.0,10分钟,7.9
153,67,图文问诊,100.0,48小时,0.03
154,67,电话问诊,100.0,1020分钟,0.1
155,67,专家团队,300.0,,
156,68,图文问诊,79.0,48小时,0.03
157,68,电话问诊,79.0,10分钟,7.9
158,69,图文问诊,79.0,48小时,0.03
159,69,电话问诊,79.0,10分钟,7.9
160,69,门诊加号,0.0,,
161,70,图文问诊,30.0,48小时,0.01
162,70,电话问诊,30.0,10分钟,3.0
163,71,图文问诊,100.0,48小时,0.03
164,72,图文问诊,122.0,48小时,0.04
165,72,电话问诊,260.0,10分钟,26.0
166,72,门诊加号,0.0,,
167,73,图文问诊,50.0,48小时,0.02
168,73,电话问诊,70.0,10分钟,7.0
169,74,图文问诊,30.0,48小时,0.01
170,74,电话问诊,58.0,10分钟,5.8
171,75,图文问诊,30.0,48小时,0.01
172,76,图文问诊,375.0,48小时,0.13
173,76,电话问诊,250.0,10分钟,25.0
174,77,图文问诊,124.0,48小时,0.04
175,77,电话问诊,124.0,10分钟,12.4
176,78,图文问诊,158.0,48小时,0.05
177,79,图文问诊,60.0,48小时,0.02
178,79,电话问诊,150.0,15分钟,10.0
179,79,私人医生,6000.0,180天,0.02
180,80,图文问诊,100.0,48小时,0.03
181,80,电话问诊,100.0,10分钟,10.0
182,81,图文问诊,79.0,48小时,0.03
183,81,电话问诊,99.0,10分钟,9.9
184,82,图文问诊,30.0,48小时,0.01
185,83,图文问诊,60.0,48小时,0.02
186,83,电话问诊,60.0,10分钟,6.0
187,84,图文问诊,65.0,48小时,0.02
188,85,图文问诊,50.0,48小时,0.02
189,86,图文问诊,90.0,48小时,0.03
190,86,电话问诊,150.0,10分钟,15.0
191,87,图文问诊,30.0,48小时,0.01
192,88,图文问诊,44.0,48小时,0.02
193,89,图文问诊,99.0,48小时,0.03
194,90,图文问诊,199.0,48小时,0.07
195,90,电话问诊,199.0,15分钟,13.27
196,91,图文问诊,49.0,48小时,0.02
197,92,图文问诊,279.0,48小时,0.1
198,92,电话问诊,379.0,10分钟,37.9
199,92,视频问诊,479.0,15分钟,31.93
200,93,图文问诊,60.0,48小时,0.02
201,93,电话问诊,200.0,10分钟,20.0
202,94,图文问诊,150.0,48小时,0.05
203,95,图文问诊,30.0,48小时,0.01
204,95,电话问诊,30.0,10分钟,3.0
205,96,图文问诊,150.0,48小时,0.05
206,96,电话问诊,150.0,10分钟,15.0
207,97,图文问诊,40.0,48小时,0.01
208,98,图文问诊,79.0,48小时,0.03
209,98,电话问诊,79.0,10分钟,7.9
210,99,图文问诊,128.0,48小时,0.04
211,99,电话问诊,128.0,15分钟,8.53
212,99,视频问诊,128.0,15分钟,8.53
213,99,私人医生,198.0,1个月,0.0
214,100,图文问诊,99.0,48小时,0.03
215,101,图文问诊,49.0,48小时,0.02
216,101,电话问诊,49.0,10分钟,4.9
217,102,图文问诊,30.0,48小时,0.01
218,102,电话问诊,40.0,10分钟,4.0
219,103,图文问诊,79.0,48小时,0.03
220,103,电话问诊,128.0,15分钟,8.53
221,103,私人医生,2000.0,1个月,0.05
222,104,图文问诊,35.0,48小时,0.01
223,105,图文问诊,40.0,48小时,0.01
224,106,图文问诊,48.0,48小时,0.02
225,106,电话问诊,78.0,15分钟,5.2
226,106,门诊加号,0.0,,
227,106,视频问诊,168.0,15分钟,11.2
228,107,图文问诊,60.0,48小时,0.02
229,107,电话问诊,80.0,10分钟,8.0
230,108,私人医生,1000.0,1个月,0.02
231,109,图文问诊,69.0,48小时,0.02
232,109,电话问诊,99.0,10分钟,9.9
233,109,门诊加号,0.0,,
234,110,,,,
235,111,图文问诊,49.0,48小时,0.02
236,111,电话问诊,59.0,15分钟,3.93
237,111,视频问诊,69.0,15分钟,4.6
238,111,私人医生,200.0,1个月,0.0
239,112,电话问诊,79.0,10分钟,7.9
240,113,视频问诊,300.0,15分钟,20.0
241,113,私人医生,520.0,100天,0.0
242,114,私人医生,299.0,1个月,0.01
243,115,私人医生,800.0,1个月,0.02
244,116,电话问诊,65.0,15分钟,4.33
245,116,门诊加号,0.0,,
246,116,私人医生,100.0,1个月,0.0
247,117,电话问诊,136.0,10分钟,13.6
248,118,电话问诊,180.0,15分钟,12.0
249,119,门诊加号,0.0,,
250,120,电话问诊,30.0,10分钟,3.0
251,121,电话问诊,30.0,10分钟,3.0
252,122,电话问诊,60.0,10分钟,6.0
253,123,电话问诊,30.0,10分钟,3.0
254,124,图文问诊,19.0,48小时,0.01
255,124,电话问诊,19.0,10分钟,1.9
256,125,电话问诊,30.0,10分钟,3.0
257,126,图文问诊,19.0,48小时,0.01
258,126,电话问诊,19.0,10分钟,1.9
259,127,视频问诊,66.0,10分钟,6.6
260,127,私人医生,200.0,1个月,0.0
261,128,图文问诊,19.0,48小时,0.01
262,128,电话问诊,19.0,10分钟,1.9
263,129,电话问诊,29.0,15分钟,1.93
264,129,私人医生,35.0,1个月,0.0
265,130,电话问诊,79.0,10分钟,7.9
266,130,门诊加号,0.0,,
267,131,图文问诊,19.0,48小时,0.01
268,131,电话问诊,30.0,10分钟,3.0
269,132,私人医生,60.0,1天,0.04
270,133,图文问诊,29.0,48小时,0.01
271,134,电话问诊,20.0,15分钟,1.33
272,134,视频问诊,150.0,15分钟,10.0
273,135,图文问诊,19.0,48小时,0.01
274,135,电话问诊,19.0,10分钟,1.9
275,136,图文问诊,50.0,48小时,0.02
276,136,电话问诊,50.0,15分钟,3.33
277,137,图文问诊,19.0,48小时,0.01
278,137,电话问诊,19.0,10分钟,1.9
279,138,,,,
280,139,,,,
281,140,,,,
282,141,,,,
283,142,,,,
284,143,,,,
285,144,,,,
286,145,,,,
287,146,,,,
288,147,,,,
289,148,,,,
290,149,,,,
291,150,,,,
292,151,,,,
293,152,,,,
294,153,,,,
295,154,,,,
296,155,,,,
297,156,,,,
298,157,,,,
299,158,,,,
300,159,,,,
301,160,,,,
302,161,,,,
303,162,,,,
304,163,,,,
305,164,,,,
306,165,,,,
307,166,,,,
308,167,,,,
309,168,,,,
310,169,,,,
311,170,,,,
312,171,,,,
313,172,,,,
314,173,,,,
315,174,,,,
316,175,,,,
317,176,,,,
318,177,,,,
319,178,,,,
320,179,,,,
321,180,,,,
322,181,,,,
323,182,,,,
324,183,,,,
325,184,,,,
326,185,,,,
327,186,,,,
328,187,,,,
329,188,,,,
330,189,,,,
331,190,,,,
332,191,,,,
333,192,,,,
334,193,,,,
335,194,,,,
336,195,,,,
337,196,,,,
338,197,,,,
339,198,,,,
340,199,,,,
341,200,,,,
342,201,,,,
343,202,,,,
344,203,图文问诊,42.0,48小时,0.01
345,203,电话问诊,119.0,15分钟,7.93
346,204,图文问诊,79.0,48小时,0.03
347,204,电话问诊,79.0,10分钟,7.9
348,205,图文问诊,100.0,48小时,0.03
349,206,图文问诊,58.0,48小时,0.02
350,207,图文问诊,20.0,48小时,0.01
351,207,门诊加号,0.0,,
352,207,视频问诊,39.0,15分钟,2.6
353,207,私人医生,35.0,1个月,0.0
354,208,图文问诊,50.0,48小时,0.02
355,208,电话问诊,75.0,1525分钟,0.05
356,208,私人医生,200.0,1个月,0.0
357,209,图文问诊,200.0,48小时,0.07
358,209,电话问诊,200.0,15分钟,13.33
359,209,门诊加号,-1.0,,
360,209,视频问诊,200.0,15分钟,13.33
361,209,私人医生,500.0,1个月,0.01
362,210,图文问诊,49.0,48小时,0.02
363,211,图文问诊,20.0,48小时,0.01
364,211,电话问诊,30.0,15分钟,2.0
365,211,视频问诊,75.0,15分钟,5.0
366,211,私人医生,60.0,1个月,0.0
367,212,图文问诊,35.0,48小时,0.01
368,212,私人医生,84.0,1个月,0.0
369,213,图文问诊,50.0,48小时,0.02
370,213,电话问诊,50.0,10分钟,5.0
371,214,图文问诊,59.0,48小时,0.02
372,214,电话问诊,99.0,15分钟,6.6
373,214,视频问诊,109.0,15分钟,7.27
374,214,私人医生,200.0,1个月,0.0
375,214,专家团队,200.0,,
376,215,图文问诊,35.0,48小时,0.01
377,215,电话问诊,35.0,10分钟,3.5
378,215,专家团队,200.0,,
379,216,图文问诊,12.0,48小时,0.0
380,216,私人医生,300.0,1个月,0.01
381,217,图文问诊,39.0,48小时,0.01
382,217,电话问诊,39.0,10分钟,3.9
383,217,视频问诊,129.0,10分钟,12.9
384,217,私人医生,95.0,1个月,0.0
385,218,私人医生,150.0,1个月,0.0
386,219,图文问诊,59.0,48小时,0.02
387,219,电话问诊,59.0,10分钟,5.9
388,220,图文问诊,200.0,48小时,0.07
389,220,电话问诊,200.0,10分钟,20.0
390,221,图文问诊,60.0,48小时,0.02
391,221,电话问诊,119.0,15分钟,7.93
392,222,图文问诊,68.0,48小时,0.02
393,222,电话问诊,119.0,15分钟,7.93
394,222,门诊加号,0.0,,
395,222,视频问诊,120.0,15分钟,8.0
396,222,私人医生,100.0,1个月,0.0
397,223,图文问诊,88.0,48小时,0.03
398,224,图文问诊,69.0,48小时,0.02
399,225,图文问诊,60.0,48小时,0.02
400,225,电话问诊,60.0,10分钟,6.0
401,226,图文问诊,99.0,48小时,0.03
402,226,电话问诊,99.0,15分钟,6.6
403,226,门诊加号,0.0,,
404,226,视频问诊,199.0,15分钟,13.27
405,227,图文问诊,35.0,48小时,0.01
406,227,电话问诊,35.0,10分钟,3.5
407,228,图文问诊,60.0,48小时,0.02
408,228,电话问诊,200.0,15分钟,13.33
409,229,图文问诊,35.0,48小时,0.01
410,230,图文问诊,70.0,48小时,0.02
411,230,电话问诊,150.0,15分钟,10.0
412,230,视频问诊,150.0,15分钟,10.0
413,231,图文问诊,75.0,48小时,0.03
414,231,电话问诊,150.0,10分钟,15.0
415,231,门诊加号,0.0,,
416,232,图文问诊,50.0,48小时,0.02
417,232,电话问诊,100.0,15分钟,6.67
418,232,门诊加号,0.0,,
419,232,视频问诊,150.0,15分钟,10.0
420,232,私人医生,85.0,1个月,0.0
421,233,图文问诊,99.0,48小时,0.03
422,234,图文问诊,50.0,48小时,0.02
423,234,电话问诊,50.0,15分钟,3.33
424,234,视频问诊,75.0,10分钟,7.5
425,234,私人医生,120.0,1个月,0.0
426,235,图文问诊,35.0,48小时,0.01
427,235,电话问诊,35.0,10分钟,3.5
428,235,视频问诊,119.0,15分钟,7.93
429,236,图文问诊,40.0,48小时,0.01
430,236,电话问诊,30.0,105分钟,0.29
431,236,私人医生,100.0,1个月,0.0
432,237,图文问诊,90.0,48小时,0.03
433,237,电话问诊,90.0,10分钟,9.0
434,238,图文问诊,35.0,48小时,0.01
435,238,电话问诊,35.0,10分钟,3.5
436,238,视频问诊,100.0,5分钟,20.0
437,238,私人医生,55.0,1个月,0.0
438,239,图文问诊,29.9,48小时,0.01
439,240,图文问诊,49.0,48小时,0.02
440,241,图文问诊,49.0,48小时,0.02
441,241,电话问诊,49.0,10分钟,4.9
442,242,图文问诊,49.0,48小时,0.02
443,242,电话问诊,49.0,10分钟,4.9
444,243,图文问诊,25.0,48小时,0.01
445,243,电话问诊,25.0,10分钟,2.5
446,244,图文问诊,79.0,48小时,0.03
447,244,电话问诊,45.0,1515分钟,0.03
448,245,图文问诊,49.0,48小时,0.02
449,246,图文问诊,49.0,48小时,0.02
450,246,电话问诊,49.0,10分钟,4.9
451,247,图文问诊,49.0,48小时,0.02
452,247,电话问诊,200.0,15分钟,13.33
453,248,图文问诊,49.0,48小时,0.02
454,248,电话问诊,49.0,15分钟,3.27
455,248,视频问诊,599.0,15分钟,39.93
456,248,私人医生,200.0,1个月,0.0
457,249,图文问诊,25.0,48小时,0.01
458,250,图文问诊,50.0,48小时,0.02
459,250,电话问诊,50.0,10分钟,5.0
460,250,视频问诊,100.0,15分钟,6.67
461,250,私人医生,1000.0,30天,0.02
462,251,图文问诊,28.0,48小时,0.01
463,251,电话问诊,28.0,10分钟,2.8
464,252,图文问诊,49.0,48小时,0.02
465,252,电话问诊,49.0,10分钟,4.9
466,253,图文问诊,40.0,48小时,0.01
467,253,电话问诊,35.0,10分钟,3.5
468,254,图文问诊,49.0,48小时,0.02
469,254,电话问诊,49.0,10分钟,4.9
470,255,图文问诊,49.0,48小时,0.02
471,255,电话问诊,49.0,10分钟,4.9
472,256,电话问诊,50.0,10分钟,5.0
473,257,视频问诊,75.0,15分钟,5.0
474,257,私人医生,120.0,1个月,0.0
475,258,图文问诊,49.0,48小时,0.02
476,258,电话问诊,49.0,10分钟,4.9
477,259,图文问诊,69.0,48小时,0.02
478,260,图文问诊,49.0,48小时,0.02
479,260,电话问诊,49.0,10分钟,4.9
480,261,电话问诊,29.0,1015分钟,0.03
481,261,视频问诊,35.0,15分钟,2.33
482,261,私人医生,69.0,1个月,0.0
483,262,图文问诊,20.0,48小时,0.01
484,263,图文问诊,99.0,48小时,0.03
485,263,电话问诊,49.0,10分钟,4.9
486,264,图文问诊,49.0,48小时,0.02
487,264,电话问诊,49.0,10分钟,4.9
488,265,图文问诊,49.0,48小时,0.02
489,265,电话问诊,49.0,10分钟,4.9
490,266,电话问诊,35.0,10分钟,3.5
491,267,电话问诊,20.0,15分钟,1.33
492,267,视频问诊,50.0,15分钟,3.33
493,267,私人医生,48.0,1个月,0.0
494,268,电话问诊,49.0,10分钟,4.9
495,269,电话问诊,35.0,10分钟,3.5
496,270,图文问诊,15.0,48小时,0.01
497,271,电话问诊,59.0,15分钟,3.93
498,271,视频问诊,75.0,15分钟,5.0
499,271,私人医生,200.0,1个月,0.0
500,272,图文问诊,19.0,48小时,0.01
501,273,图文问诊,49.0,48小时,0.02
502,273,电话问诊,49.0,10分钟,4.9
503,274,图文问诊,20.0,48小时,0.01
504,274,电话问诊,30.0,15分钟,2.0
505,274,视频问诊,50.0,15分钟,3.33
506,275,图文问诊,30.0,48小时,0.01
507,276,私人医生,20.0,730天,0.0
508,277,图文问诊,19.0,48小时,0.01
509,277,电话问诊,19.0,10分钟,1.9
510,277,视频问诊,20.0,515分钟,0.04
511,277,私人医生,100.0,1个月,0.0
512,278,图文问诊,35.0,48小时,0.01
513,278,电话问诊,50.0,10分钟,5.0
514,279,图文问诊,19.0,48小时,0.01
515,279,电话问诊,19.0,10分钟,1.9
516,280,图文问诊,19.0,48小时,0.01
517,280,电话问诊,19.0,10分钟,1.9
518,281,门诊加号,0.0,,
519,282,图文问诊,19.0,48小时,0.01
520,282,电话问诊,19.0,10分钟,1.9
521,283,图文问诊,19.0,48小时,0.01
522,284,图文问诊,59.9,48小时,0.02
523,284,电话问诊,99.0,15分钟,6.6
524,285,图文问诊,19.0,48小时,0.01
525,285,电话问诊,19.0,10分钟,1.9
526,286,,,,
527,287,,,,
528,288,图文问诊,19.0,48小时,0.01
529,289,图文问诊,19.0,48小时,0.01
530,289,电话问诊,19.0,10分钟,1.9
531,290,,,,
532,291,图文问诊,19.0,48小时,0.01
533,291,电话问诊,19.0,10分钟,1.9
534,292,图文问诊,19.0,48小时,0.01
535,292,电话问诊,19.0,10分钟,1.9
536,293,图文问诊,10.0,48小时,0.0
537,294,,,,
538,295,,,,
539,296,,,,
540,297,,,,
541,298,,,,
542,299,,,,
543,300,,,,
544,301,,,,
545,302,,,,
546,303,,,,
547,304,,,,
548,305,,,,
549,306,,,,
550,307,,,,
551,308,,,,
552,309,,,,
553,310,,,,
554,311,,,,
555,312,,,,
556,313,,,,
557,314,,,,
558,315,,,,
559,316,,,,
560,317,,,,
561,318,,,,
562,319,,,,
563,1103,电话问诊,25.0,10分钟,2.5
564,1104,电话问诊,49.0,10分钟,4.9
565,1105,图文问诊,29.0,48小时,0.01
566,1105,电话问诊,30.0,15分钟,2.0
567,1106,电话问诊,49.0,10分钟,4.9
568,1107,图文问诊,20.0,48小时,0.01
569,1107,电话问诊,20.0,15分钟,1.33
570,1107,视频问诊,100.0,15分钟,6.67
571,1107,私人医生,100.0,1天,0.07
572,1108,电话问诊,49.0,1015分钟,0.05
573,1108,私人医生,49.0,1个月,0.0
574,1109,电话问诊,50.0,15分钟,3.33
575,1109,私人医生,599.0,100天,0.0
576,1110,电话问诊,25.0,10分钟,2.5
577,1111,图文问诊,29.0,48小时,0.01
578,1111,电话问诊,20.0,15分钟,1.33
579,1112,图文问诊,20.0,48小时,0.01
580,1112,门诊加号,0.0,,
581,1112,私人医生,120.0,1个月,0.0
582,1113,电话问诊,20.0,10分钟,2.0
583,1114,电话问诊,29.0,10分钟,2.9
584,1115,私人医生,100.0,180天,0.0
585,1116,图文问诊,29.0,48小时,0.01
586,1116,电话问诊,29.0,10分钟,2.9
587,1117,电话问诊,29.0,10分钟,2.9
588,1117,私人医生,30.0,1个月,0.0
589,1118,电话问诊,25.0,15分钟,1.67
590,1118,私人医生,100.0,1个月,0.0
591,1119,电话问诊,49.0,10分钟,4.9
592,1120,电话问诊,45.0,15分钟,3.0
593,1120,视频问诊,45.0,15分钟,3.0
594,1121,图文问诊,20.0,48小时,0.01
595,1121,电话问诊,29.0,15分钟,1.93
596,1121,视频问诊,35.0,15分钟,2.33
597,1121,私人医生,100.0,1个月,0.0
598,1122,图文问诊,19.0,48小时,0.01
599,1122,电话问诊,19.0,10分钟,1.9
600,1123,图文问诊,30.0,48小时,0.01
601,1123,电话问诊,38.0,15分钟,2.53
602,1123,视频问诊,30.0,15分钟,2.0
603,1123,私人医生,100.0,1个月,0.0
604,1124,图文问诊,19.0,48小时,0.01
605,1124,电话问诊,19.0,10分钟,1.9
606,1125,私人医生,100.0,30天,0.0
607,1126,图文问诊,30.0,48小时,0.01
608,1126,电话问诊,30.0,15分钟,2.0
609,1126,私人医生,60.0,7天,0.01
610,1127,电话问诊,19.0,10分钟,1.9
611,1130,门诊加号,0.0,,
612,1131,图文问诊,19.0,48小时,0.01
613,1131,电话问诊,19.0,10分钟,1.9
614,1132,电话问诊,19.0,10分钟,1.9
615,1133,图文问诊,19.0,48小时,0.01
616,1133,电话问诊,19.0,10分钟,1.9
617,1134,电话问诊,100.0,15分钟,6.67
618,1134,视频问诊,200.0,15分钟,13.33
619,1134,私人医生,50000.0,360天,0.1
620,1135,私人医生,39.0,1天,0.03
621,1136,电话问诊,20.0,10分钟,2.0
622,1137,图文问诊,29.0,48小时,0.01
623,1137,电话问诊,29.0,10分钟,2.9
624,1138,电话问诊,100.0,20分钟,5.0
625,1138,私人医生,2000.0,1个月,0.05
626,1139,图文问诊,19.0,48小时,0.01
627,1139,电话问诊,19.0,10分钟,1.9
628,1139,视频问诊,29.0,15分钟,1.93
629,1140,门诊加号,0.0,,
630,1140,视频问诊,29.0,15分钟,1.93
631,1140,私人医生,50.0,1个月,0.0
632,1141,图文问诊,19.0,48小时,0.01
633,1141,电话问诊,19.0,10分钟,1.9
634,1141,视频问诊,29.0,15分钟,1.93
635,1141,私人医生,200.0,1个月,0.0
636,1142,图文问诊,19.0,48小时,0.01
637,1143,图文问诊,19.0,48小时,0.01
638,1143,电话问诊,19.0,10分钟,1.9
639,1144,电话问诊,98.0,10分钟,9.8
640,1145,图文问诊,19.0,48小时,0.01
641,1145,电话问诊,20.0,10分钟,2.0
642,1145,私人医生,180.0,1个月,0.0
643,1146,,,,
644,1147,图文问诊,19.0,48小时,0.01
645,1147,电话问诊,19.0,10分钟,1.9
646,1148,,,,
647,1149,图文问诊,19.0,48小时,0.01
648,1149,电话问诊,19.0,10分钟,1.9
649,1150,,,,
650,1151,电话问诊,19.0,10分钟,1.9
651,1152,,,,
652,1153,,,,
653,1154,,,,
654,1155,,,,
655,1156,,,,
656,1157,,,,
657,1158,,,,
658,1159,,,,
659,1160,,,,
660,1161,专家团队,50.0,,
661,1162,,,,
662,1163,,,,
663,1164,,,,
664,1165,,,,
665,1166,,,,
666,1167,,,,
667,1168,,,,
668,1169,,,,
669,1170,,,,
670,1171,,,,
671,1172,,,,
672,1173,,,,
673,1174,,,,
674,1175,,,,
675,1176,,,,
676,1177,,,,
677,1178,,,,
678,1179,,,,
679,1180,,,,
680,1181,,,,
681,1182,,,,
682,1183,,,,
683,1184,,,,
684,1185,,,,
685,1186,,,,
686,1187,,,,
687,1188,,,,
688,1189,,,,
689,1190,,,,
690,1191,,,,
691,1192,,,,
692,1193,,,,
693,1194,,,,
694,1195,,,,
695,1196,,,,
696,1197,,,,
697,1198,,,,
698,1199,,,,
699,1200,,,,
700,1201,,,,
701,1202,,,,
702,1203,,,,
703,1204,,,,
704,1205,,,,
705,1206,,,,
706,1207,,,,
707,1208,,,,
708,1209,,,,
709,1210,,,,
710,1211,专家团队,50.0,,
711,1212,,,,
712,1213,,,,
713,1214,,,,
714,1215,,,,
715,1216,,,,
716,1217,,,,
717,1218,,,,
718,1219,,,,
719,1220,,,,
720,1221,,,,
721,1222,,,,
722,1223,,,,
723,1224,,,,
724,1225,,,,
725,1226,,,,
726,1227,,,,
727,1228,,,,
728,1229,,,,
729,1230,,,,
730,1231,,,,
731,1232,,,,
732,1233,,,,
733,1234,,,,
734,1235,,,,
735,1236,,,,
736,1237,,,,
737,1238,,,,
738,1239,,,,
739,1240,,,,
740,1241,,,,
741,1242,,,,
742,1243,,,,
743,1244,,,,
744,1245,,,,
745,1246,,,,
746,1247,,,,
747,1248,,,,
748,1249,,,,
749,1250,,,,
750,1251,图文问诊,59.0,48小时,0.02
751,1251,电话问诊,99.0,10分钟,9.9
752,1252,图文问诊,25.0,48小时,0.01
753,1252,电话问诊,30.0,15分钟,2.0
754,1252,门诊加号,-1.0,,
755,1252,视频问诊,50.0,15分钟,3.33
756,1252,私人医生,60.0,1个月,0.0
757,1253,图文问诊,25.0,48小时,0.01
758,1253,电话问诊,59.0,10分钟,5.9
759,1253,门诊加号,0.0,,
760,1253,视频问诊,69.0,10分钟,6.9
761,1254,图文问诊,25.0,48小时,0.01
762,1254,电话问诊,50.0,15分钟,3.33
763,1255,图文问诊,35.0,48小时,0.01
764,1255,电话问诊,35.0,10分钟,3.5
765,1256,图文问诊,35.0,48小时,0.01
766,1256,电话问诊,35.0,10分钟,3.5
767,1257,图文问诊,19.0,48小时,0.01
768,1257,电话问诊,39.0,1015分钟,0.04
769,1258,图文问诊,30.0,48小时,0.01
770,1258,电话问诊,20.0,15分钟,1.33
771,1258,视频问诊,75.0,10分钟,7.5
772,1259,图文问诊,19.0,48小时,0.01
773,1259,电话问诊,19.0,10分钟,1.9
774,1260,图文问诊,30.0,48小时,0.01
775,1260,电话问诊,30.0,10分钟,3.0
776,1260,私人医生,200.0,1个月,0.0
777,1261,图文问诊,129.0,48小时,0.04
778,1262,图文问诊,50.0,48小时,0.02
779,1262,视频问诊,119.0,15分钟,7.93
780,1263,图文问诊,50.0,48小时,0.02
781,1263,电话问诊,150.0,10分钟,15.0
782,1263,视频问诊,200.0,15分钟,13.33
783,1263,私人医生,1000.0,1个月,0.02
784,1264,图文问诊,15.0,48小时,0.01
785,1264,电话问诊,20.0,15分钟,1.33
786,1264,门诊加号,0.0,,
787,1264,视频问诊,30.0,15分钟,2.0
788,1264,私人医生,99.0,1个月,0.0
789,1265,图文问诊,59.0,48小时,0.02
790,1265,电话问诊,75.0,15分钟,5.0
791,1265,视频问诊,100.0,15分钟,6.67
792,1265,私人医生,300.0,1个月,0.01
793,1266,图文问诊,50.0,48小时,0.02
794,1266,电话问诊,119.0,15分钟,7.93
795,1267,图文问诊,49.0,48小时,0.02
796,1267,电话问诊,50.0,5分钟,10.0
797,1267,视频问诊,250.0,15分钟,16.67
798,1268,图文问诊,29.0,48小时,0.01
799,1268,电话问诊,29.0,10分钟,2.9
800,1269,图文问诊,25.0,48小时,0.01
801,1269,电话问诊,40.0,5分钟,8.0
802,1269,视频问诊,75.0,10分钟,7.5
803,1270,图文问诊,29.9,48小时,0.01
804,1270,电话问诊,18.0,15分钟,1.2
805,1270,视频问诊,75.0,15分钟,5.0
806,1270,私人医生,45.0,1个月,0.0
807,1271,图文问诊,50.0,48小时,0.02
808,1272,图文问诊,49.0,48小时,0.02
809,1272,电话问诊,49.0,10分钟,4.9
810,1273,图文问诊,49.0,48小时,0.02
811,1274,图文问诊,49.0,48小时,0.02
812,1274,私人医生,3000.0,1个月,0.07
813,1275,图文问诊,30.0,48小时,0.01
814,1275,电话问诊,30.0,10分钟,3.0
815,1276,图文问诊,29.0,48小时,0.01
816,1276,电话问诊,35.0,10分钟,3.5
817,320,,,,
818,321,,,,
819,322,,,,
820,323,,,,
821,324,,,,
822,325,,,,
823,326,,,,
824,327,,,,
825,328,,,,
826,329,,,,
827,330,,,,
828,331,,,,
829,332,,,,
830,333,,,,
831,334,,,,
832,335,,,,
833,336,,,,
834,337,,,,
835,338,,,,
836,339,,,,
837,340,,,,
838,341,,,,
839,342,,,,
840,343,图文问诊,49.0,48小时,0.02
841,343,电话问诊,99.0,10分钟,9.9
842,343,门诊加号,0.0,,
843,344,图文问诊,180.0,48小时,0.06
844,344,电话问诊,200.0,15分钟,13.33
845,344,门诊加号,-1.0,,
846,344,私人医生,1000.0,1个月,0.02
847,345,图文问诊,100.0,48小时,0.03
848,345,电话问诊,120.0,10分钟,12.0
849,345,视频问诊,200.0,15分钟,13.33
850,346,图文问诊,52.0,48小时,0.02
851,347,图文问诊,49.0,48小时,0.02
852,347,电话问诊,69.0,15分钟,4.6
853,347,视频问诊,105.0,15分钟,7.0
854,347,私人医生,199.0,1个月,0.0
855,348,图文问诊,35.0,48小时,0.01
856,348,电话问诊,50.0,10分钟,5.0
857,348,视频问诊,65.0,15分钟,4.33
858,348,私人医生,199.0,1个月,0.0
859,349,图文问诊,35.0,48小时,0.01
860,350,图文问诊,50.0,48小时,0.02
861,350,电话问诊,100.0,15分钟,6.67
862,350,视频问诊,200.0,15分钟,13.33
863,350,私人医生,500.0,1个月,0.01
864,351,图文问诊,50.0,48小时,0.02
865,351,电话问诊,69.0,15分钟,4.6
866,351,视频问诊,79.0,15分钟,5.27
867,351,私人医生,200.0,1个月,0.0
868,352,图文问诊,49.0,48小时,0.02
869,352,电话问诊,49.0,10分钟,4.9
870,353,图文问诊,90.0,48小时,0.03
871,354,图文问诊,49.0,48小时,0.02
872,354,电话问诊,36.0,10分钟,3.6
873,354,视频问诊,25.0,515分钟,0.05
874,355,图文问诊,99.0,48小时,0.03
875,355,电话问诊,150.0,15分钟,10.0
876,355,视频问诊,200.0,15分钟,13.33
877,355,私人医生,239.0,1个月,0.01
878,356,图文问诊,49.0,48小时,0.02
879,356,电话问诊,49.0,10分钟,4.9
880,357,图文问诊,49.0,48小时,0.02
881,358,图文问诊,150.0,48小时,0.05
882,358,私人医生,500.0,1个月,0.01
883,359,图文问诊,180.0,48小时,0.06
884,359,电话问诊,180.0,15分钟,12.0
885,360,图文问诊,50.0,48小时,0.02
886,360,电话问诊,119.0,15分钟,7.93
887,361,图文问诊,49.0,48小时,0.02
888,361,电话问诊,49.0,10分钟,4.9
889,362,电话问诊,119.0,15分钟,7.93
890,363,图文问诊,49.0,48小时,0.02
891,363,电话问诊,49.0,10分钟,4.9
892,364,图文问诊,50.0,48小时,0.02
893,364,电话问诊,50.0,10分钟,5.0
894,364,私人医生,120.0,1个月,0.0
895,365,图文问诊,35.0,48小时,0.01
896,365,电话问诊,35.0,10分钟,3.5
897,365,视频问诊,80.0,10分钟,8.0
898,365,私人医生,200.0,1个月,0.0
899,366,图文问诊,50.0,48小时,0.02
900,366,电话问诊,30.0,15分钟,2.0
901,366,视频问诊,75.0,15分钟,5.0
902,367,图文问诊,79.0,48小时,0.03
903,367,电话问诊,79.0,10分钟,7.9
904,368,图文问诊,120.0,48小时,0.04
905,368,电话问诊,200.0,10分钟,20.0
906,369,图文问诊,30.0,48小时,0.01
907,369,电话问诊,50.0,15分钟,3.33
908,369,私人医生,100.0,1个月,0.0
909,370,图文问诊,49.0,48小时,0.02
910,371,图文问诊,30.0,48小时,0.01
911,371,电话问诊,40.0,10分钟,4.0
912,371,视频问诊,60.0,15分钟,4.0
913,371,私人医生,200.0,1个月,0.0
914,372,电话问诊,49.0,10分钟,4.9
915,373,电话问诊,50.0,15分钟,3.33
916,373,视频问诊,95.0,15分钟,6.33
917,374,图文问诊,19.0,48小时,0.01
918,374,电话问诊,100.0,10分钟,10.0
919,375,私人医生,199.0,1个月,0.0
920,376,私人医生,199.0,30天,0.0
921,377,电话问诊,60.0,15分钟,4.0
922,377,门诊加号,-1.0,,
923,377,视频问诊,150.0,15分钟,10.0
924,377,私人医生,300.0,1个月,0.01
925,378,电话问诊,49.0,10分钟,4.9
926,378,视频问诊,75.0,15分钟,5.0
927,379,电话问诊,150.0,10分钟,15.0
928,379,视频问诊,300.0,15分钟,20.0
929,379,私人医生,1000.0,1个月,0.02
930,380,图文问诊,19.0,48小时,0.01
931,380,电话问诊,19.0,10分钟,1.9
932,381,,,,
933,382,电话问诊,21.0,15分钟,1.4
934,383,,,,
935,384,图文问诊,30.0,48小时,0.01
936,384,电话问诊,50.0,5分钟,10.0
937,385,,,,
938,386,,,,
939,387,图文问诊,19.0,48小时,0.01
940,387,电话问诊,19.0,10分钟,1.9
941,388,图文问诊,19.0,48小时,0.01
942,388,电话问诊,19.0,10分钟,1.9
943,389,图文问诊,19.0,48小时,0.01
944,389,电话问诊,19.0,10分钟,1.9
945,390,,,,
946,391,,,,
947,392,,,,
948,393,,,,
949,394,,,,
950,395,,,,
951,396,专家团队,200.0,,
952,397,,,,
953,398,,,,
954,399,,,,
955,400,,,,
956,401,,,,
957,402,,,,
958,403,,,,
959,404,专家团队,100.0,,
960,405,,,,
961,406,,,,
962,407,,,,
963,408,,,,
964,409,,,,
965,410,,,,
966,411,,,,
967,412,,,,
968,413,,,,
969,414,,,,
970,415,,,,
971,416,,,,
972,417,,,,
973,418,,,,
974,419,,,,
975,420,,,,
976,421,,,,
977,422,,,,
978,423,,,,
979,424,,,,
980,425,,,,
981,426,,,,
982,427,,,,
983,428,,,,
984,429,,,,
985,430,,,,
986,431,,,,
987,432,,,,
988,433,图文问诊,59.0,48小时,0.02
989,433,电话问诊,59.0,15分钟,3.93
990,434,图文问诊,49.0,48小时,0.02
991,434,电话问诊,49.0,10分钟,4.9
992,434,视频问诊,75.0,15分钟,5.0
993,435,电话问诊,20.0,10分钟,2.0
994,435,视频问诊,30.0,15分钟,2.0
995,435,私人医生,100.0,100天,0.0
996,436,图文问诊,49.0,48小时,0.02
997,436,专家团队,100.0,,
998,437,图文问诊,29.9,48小时,0.01
999,437,电话问诊,49.9,10分钟,4.99
1000,437,视频问诊,79.9,15分钟,5.33
1001,438,图文问诊,29.0,48小时,0.01
1002,438,电话问诊,29.0,10分钟,2.9
1003,439,图文问诊,50.0,48小时,0.02
1004,440,图文问诊,99.0,48小时,0.03
1005,440,电话问诊,99.0,15分钟,6.6
1006,441,图文问诊,120.0,48小时,0.04
1007,441,电话问诊,200.0,10分钟,20.0
1008,442,图文问诊,39.0,48小时,0.01
1009,442,电话问诊,45.0,10分钟,4.5
1010,443,图文问诊,25.0,48小时,0.01
1011,443,电话问诊,30.0,10分钟,3.0
1012,444,图文问诊,99.0,48小时,0.03
1013,444,电话问诊,49.0,10分钟,4.9
1014,445,图文问诊,50.0,48小时,0.02
1015,445,电话问诊,50.0,10分钟,5.0
1016,446,图文问诊,36.0,48小时,0.01
1017,447,图文问诊,35.0,48小时,0.01
1018,447,私人医生,300.0,1个月,0.01
1019,448,图文问诊,39.0,48小时,0.01
1020,449,图文问诊,29.0,48小时,0.01
1021,449,专家团队,100.0,,
1022,450,图文问诊,30.0,48小时,0.01
1023,450,电话问诊,75.0,15分钟,5.0
1024,450,视频问诊,75.0,15分钟,5.0
1025,450,私人医生,72.0,1个月,0.0
1026,451,图文问诊,48.0,48小时,0.02
1027,451,电话问诊,49.0,15分钟,3.27
1028,451,私人医生,200.0,1个月,0.0
1029,452,图文问诊,49.0,48小时,0.02
1030,452,电话问诊,100.0,15分钟,6.67
1031,452,视频问诊,100.0,15分钟,6.67
1032,453,图文问诊,50.0,48小时,0.02
1033,453,电话问诊,30.0,10分钟,3.0
1034,454,图文问诊,20.0,48小时,0.01
1035,454,电话问诊,30.0,1510分钟,0.02
1036,454,视频问诊,75.0,15分钟,5.0
1037,455,图文问诊,35.0,48小时,0.01
1038,455,电话问诊,75.0,15分钟,5.0
1039,455,私人医生,200.0,1个月,0.0
1040,456,图文问诊,29.0,48小时,0.01
1041,456,电话问诊,29.0,10分钟,2.9
1042,457,图文问诊,50.0,48小时,0.02
1043,457,电话问诊,100.0,10分钟,10.0
1044,457,私人医生,1000.0,1个月,0.02
1045,458,图文问诊,49.0,48小时,0.02
1046,458,电话问诊,49.0,10分钟,4.9
1047,459,图文问诊,30.0,48小时,0.01
1048,460,图文问诊,49.0,48小时,0.02
1049,460,电话问诊,49.0,10分钟,4.9
1050,460,私人医生,20.0,1个月,0.0
1051,461,图文问诊,19.0,48小时,0.01
1052,462,图文问诊,120.0,48小时,0.04
1053,462,电话问诊,100.0,10分钟,10.0
1054,462,门诊加号,0.0,,
1055,462,私人医生,360.0,1个月,0.01
1056,463,电话问诊,80.0,15分钟,5.33
1057,463,门诊加号,0.0,,
1058,463,视频问诊,50.0,15分钟,3.33
1059,463,专家团队,299.0,,
1060,464,图文问诊,49.0,48小时,0.02
1061,464,电话问诊,49.0,10分钟,4.9
1062,465,图文问诊,40.0,48小时,0.01
1063,466,图文问诊,49.0,48小时,0.02
1064,466,电话问诊,49.0,10分钟,4.9
1065,467,图文问诊,49.0,48小时,0.02
1066,467,电话问诊,50.0,15分钟,3.33
1067,468,图文问诊,49.0,48小时,0.02
1068,468,电话问诊,49.0,10分钟,4.9
1069,468,私人医生,200.0,1个月,0.0
1070,469,图文问诊,49.0,48小时,0.02
1071,469,电话问诊,49.0,10分钟,4.9
1072,470,图文问诊,19.0,48小时,0.01
1073,471,图文问诊,30.0,48小时,0.01
1074,471,电话问诊,50.0,10分钟,5.0
1075,471,视频问诊,29.0,15分钟,1.93
1076,472,图文问诊,50.0,48小时,0.02
1077,472,电话问诊,50.0,10分钟,5.0
1078,473,图文问诊,50.0,48小时,0.02
1079,473,电话问诊,150.0,15分钟,10.0
1080,473,视频问诊,90.0,15分钟,6.0
1081,473,私人医生,2000.0,1个月,0.05
1082,474,图文问诊,50.0,48小时,0.02
1083,474,电话问诊,49.0,10分钟,4.9
1084,474,视频问诊,75.0,15分钟,5.0
1085,474,私人医生,2000.0,1个月,0.05
1086,475,图文问诊,49.0,48小时,0.02
1087,475,电话问诊,49.0,10分钟,4.9
1088,476,图文问诊,25.0,48小时,0.01
1089,476,电话问诊,25.0,10分钟,2.5
1090,477,图文问诊,30.0,48小时,0.01
1091,477,电话问诊,75.0,15分钟,5.0
1092,477,视频问诊,75.0,15分钟,5.0
1093,477,私人医生,300.0,1天,0.21
1094,478,图文问诊,20.0,48小时,0.01
1095,478,电话问诊,20.0,10分钟,2.0
1096,479,图文问诊,25.0,48小时,0.01
1097,479,电话问诊,25.0,10分钟,2.5
1098,480,图文问诊,30.0,48小时,0.01
1099,480,电话问诊,30.0,10分钟,3.0
1100,480,视频问诊,45.0,15分钟,3.0
1101,480,私人医生,120.0,1个月,0.0
1102,481,图文问诊,25.0,48小时,0.01
1103,481,电话问诊,25.0,10分钟,2.5
1104,482,图文问诊,24.0,48小时,0.01
1105,482,私人医生,120.0,1个月,0.0
1106,483,私人医生,222.0,1个月,0.01
1107,484,图文问诊,10.0,48小时,0.0
1108,484,电话问诊,25.0,10分钟,2.5
1109,485,图文问诊,19.0,48小时,0.01
1110,485,电话问诊,19.0,10分钟,1.9
1111,486,图文问诊,20.0,48小时,0.01
1112,486,电话问诊,20.0,10分钟,2.0
1113,487,图文问诊,20.0,48小时,0.01
1114,487,电话问诊,20.0,10分钟,2.0
1115,488,电话问诊,49.0,10分钟,4.9
1116,489,图文问诊,29.0,48小时,0.01
1117,489,电话问诊,59.0,10分钟,5.9
1118,490,电话问诊,50.0,15分钟,3.33
1119,491,电话问诊,20.0,1510分钟,0.01
1120,492,图文问诊,39.0,48小时,0.01
1121,492,电话问诊,99.0,15分钟,6.6
1122,492,门诊加号,0.0,,
1123,492,私人医生,200.0,1个月,0.0
1124,493,电话问诊,49.9,15分钟,3.33
1125,493,视频问诊,59.9,1015分钟,0.06
1126,493,私人医生,95.0,1个月,0.0
1127,494,电话问诊,75.0,15分钟,5.0
1128,495,电话问诊,69.0,10分钟,6.9
1129,496,电话问诊,88.0,10分钟,8.8
1130,497,电话问诊,49.0,10分钟,4.9
1131,498,图文问诊,29.0,48小时,0.01
1132,498,电话问诊,45.0,15分钟,3.0
1133,498,视频问诊,45.0,15分钟,3.0
1134,499,图文问诊,19.0,48小时,0.01
1135,499,电话问诊,19.0,10分钟,1.9
1136,500,图文问诊,19.0,48小时,0.01
1137,500,电话问诊,29.0,10分钟,2.9
1138,500,视频问诊,45.0,15分钟,3.0
1139,501,图文问诊,19.0,48小时,0.01
1140,501,电话问诊,19.0,10分钟,1.9
1141,501,视频问诊,20.0,15分钟,1.33
1142,501,私人医生,30.0,1个月,0.0
1143,502,图文问诊,19.0,48小时,0.01
1144,502,电话问诊,19.0,10分钟,1.9
1145,502,视频问诊,29.0,15分钟,1.93
1146,503,私人医生,1000.0,30天,0.02
1147,504,图文问诊,29.0,48小时,0.01
1148,504,电话问诊,29.0,10分钟,2.9
1149,505,电话问诊,45.0,1020分钟,0.04
1150,505,门诊加号,0.0,,
1151,505,私人医生,200.0,1个月,0.0
1152,506,私人医生,29.0,1天,0.02
1153,507,图文问诊,29.0,48小时,0.01
1154,507,电话问诊,29.0,10分钟,2.9
1155,508,图文问诊,19.0,48小时,0.01
1156,508,电话问诊,19.0,10分钟,1.9
1157,509,图文问诊,19.0,48小时,0.01
1158,509,电话问诊,19.0,10分钟,1.9
1159,510,图文问诊,19.0,48小时,0.01
1160,510,电话问诊,19.0,10分钟,1.9
1161,511,图文问诊,300.0,48小时,0.1
1162,512,图文问诊,19.0,48小时,0.01
1163,512,电话问诊,19.0,10分钟,1.9
1164,513,图文问诊,19.0,48小时,0.01
1165,513,电话问诊,19.0,10分钟,1.9
1166,514,私人医生,99.0,1天,0.07
1167,515,私人医生,3000.0,30天,0.07
1168,516,图文问诊,19.0,48小时,0.01
1169,516,电话问诊,19.0,10分钟,1.9
1170,517,图文问诊,19.0,48小时,0.01
1171,517,电话问诊,19.0,10分钟,1.9
1172,518,电话问诊,19.0,10分钟,1.9
1173,519,,,,
1174,520,,,,
1175,521,,,,
1176,522,图文问诊,19.0,48小时,0.01
1177,523,,,,
1178,524,,,,
1179,525,,,,
1180,526,,,,
1181,527,,,,
1182,528,,,,
1183,529,,,,
1184,530,,,,
1185,531,,,,
1186,532,,,,
1187,533,,,,
1188,534,,,,
1189,535,,,,
1190,536,,,,
1191,537,,,,
1192,538,,,,
1193,539,,,,
1194,540,,,,
1195,541,,,,
1196,542,,,,
1197,543,,,,
1198,544,,,,
1199,545,,,,
1200,546,,,,
1201,547,,,,
1202,548,,,,
1203,549,,,,
1204,550,,,,
1205,551,,,,
1206,552,,,,
1207,553,,,,
1208,554,,,,
1209,555,,,,
1210,556,,,,
1211,557,,,,
1212,558,,,,
1213,559,,,,
1214,560,,,,
1215,561,,,,
1216,562,,,,
1217,563,,,,
1218,564,,,,
1219,565,,,,
1220,566,,,,
1221,567,,,,
1222,568,,,,
1223,569,,,,
1224,570,,,,
1225,571,,,,
1226,572,,,,
1227,573,,,,
1228,574,,,,
1229,575,,,,
1230,576,,,,
1231,577,,,,
1232,578,,,,
1233,579,,,,
1234,580,,,,
1235,581,,,,
1236,582,,,,
1237,583,,,,
1238,584,,,,
1239,585,,,,
1240,586,图文问诊,29.9,48小时,0.01
1241,586,电话问诊,25.0,10分钟,2.5
1242,586,视频问诊,40.0,10分钟,4.0
1243,586,私人医生,200.0,1个月,0.0
1244,587,图文问诊,25.0,48小时,0.01
1245,587,电话问诊,25.0,10分钟,2.5
1246,588,图文问诊,25.0,48小时,0.01
1247,588,电话问诊,30.0,10分钟,3.0
1248,589,视频问诊,119.0,15分钟,7.93
1249,590,图文问诊,30.0,48小时,0.01
1250,590,电话问诊,30.0,10分钟,3.0
1251,591,图文问诊,49.0,48小时,0.02
1252,591,电话问诊,49.0,10分钟,4.9
1253,592,图文问诊,29.0,48小时,0.01
1254,592,电话问诊,29.0,10分钟,2.9
1255,592,私人医生,69.0,1个月,0.0
1256,593,图文问诊,35.0,48小时,0.01
1257,593,电话问诊,119.0,10分钟,11.9
1258,594,电话问诊,200.0,10分钟,20.0
1259,595,图文问诊,25.0,48小时,0.01
1260,595,电话问诊,30.0,15分钟,2.0
1261,595,视频问诊,38.0,15分钟,2.53
1262,595,私人医生,1800.0,1个月,0.04
1263,596,,,,
1264,597,,,,
1265,598,,,,
1266,599,图文问诊,19.0,48小时,0.01
1267,599,电话问诊,19.0,10分钟,1.9
1268,600,电话问诊,50.0,3015分钟,0.02
1269,601,图文问诊,19.0,48小时,0.01
1270,601,电话问诊,19.0,10分钟,1.9
1271,602,,,,
1272,603,,,,
1273,604,,,,
1274,605,,,,
1275,606,,,,
1276,607,,,,
1277,608,,,,
1278,609,,,,
1279,610,,,,
1280,611,,,,
1281,612,,,,
1282,613,,,,
1283,614,,,,
1284,615,,,,
1285,616,图文问诊,25.0,48小时,0.01
1286,616,电话问诊,75.0,15分钟,5.0
1287,616,私人医生,100.0,1个月,0.0
1288,617,图文问诊,35.0,48小时,0.01
1289,617,电话问诊,49.0,10分钟,4.9
1290,617,门诊加号,0.0,,
1291,617,视频问诊,159.0,15分钟,10.6
1292,617,私人医生,299.0,1个月,0.01
1293,618,图文问诊,20.0,48小时,0.01
1294,618,电话问诊,49.0,15分钟,3.27
1295,618,视频问诊,69.0,15分钟,4.6
1296,619,图文问诊,25.0,48小时,0.01
1297,619,电话问诊,25.0,2015分钟,0.01
1298,619,视频问诊,49.0,15分钟,3.27
1299,619,私人医生,388.0,1个月,0.01
1300,620,图文问诊,25.0,48小时,0.01
1301,620,视频问诊,50.0,1015分钟,0.05
1302,620,私人医生,300.0,1个月,0.01
1303,621,电话问诊,75.0,15分钟,5.0
1304,621,视频问诊,75.0,15分钟,5.0
1305,621,私人医生,99.0,1个月,0.0
1306,622,图文问诊,20.0,48小时,0.01
1307,622,电话问诊,75.0,15分钟,5.0
1308,622,视频问诊,99.0,15分钟,6.6
1309,623,图文问诊,25.0,48小时,0.01
1310,623,电话问诊,75.0,15分钟,5.0
1311,623,视频问诊,75.0,15分钟,5.0
1312,624,图文问诊,30.0,48小时,0.01
1313,624,电话问诊,45.0,1510分钟,0.03
1314,624,视频问诊,50.0,15分钟,3.33
1315,624,私人医生,84.0,1个月,0.0
1316,625,图文问诊,20.0,48小时,0.01
1317,625,电话问诊,75.0,15分钟,5.0
1318,625,视频问诊,60.0,15分钟,4.0
1319,625,私人医生,200.0,1个月,0.0
1320,626,图文问诊,39.0,48小时,0.01
1321,626,电话问诊,119.0,15分钟,7.93
1322,626,视频问诊,139.0,15分钟,9.27
1323,626,私人医生,95.0,1个月,0.0
1324,626,专家团队,100.0,,
1325,627,图文问诊,35.0,48小时,0.01
1326,627,电话问诊,35.0,10分钟,3.5
1327,627,视频问诊,119.0,15分钟,7.93
1328,628,图文问诊,39.0,48小时,0.01
1329,628,电话问诊,119.0,15分钟,7.93
1330,628,门诊加号,0.0,,
1331,628,视频问诊,119.0,10分钟,11.9
1332,628,私人医生,95.0,1个月,0.0
1333,629,图文问诊,35.0,48小时,0.01
1334,630,图文问诊,50.0,48小时,0.02
1335,630,电话问诊,60.0,1015分钟,0.06
1336,630,视频问诊,100.0,10分钟,10.0
1337,630,私人医生,20.0,1个月,0.0
1338,631,图文问诊,40.0,48小时,0.01
1339,631,电话问诊,35.0,10分钟,3.5
1340,631,视频问诊,119.0,15分钟,7.93
1341,631,私人医生,80.0,1个月,0.0
1342,632,电话问诊,20.0,10分钟,2.0
1343,633,图文问诊,35.0,48小时,0.01
1344,633,电话问诊,35.0,10分钟,3.5
1345,634,图文问诊,30.0,48小时,0.01
1346,634,电话问诊,40.0,15分钟,2.67
1347,634,视频问诊,75.0,15分钟,5.0
1348,634,私人医生,190.0,1个月,0.0
1349,635,图文问诊,35.0,48小时,0.01
1350,635,电话问诊,60.0,15分钟,4.0
1351,636,图文问诊,49.0,48小时,0.02
1352,636,电话问诊,30.0,1510分钟,0.02
1353,636,视频问诊,80.0,15分钟,5.33
1354,636,私人医生,600.0,1个月,0.01
1355,637,图文问诊,30.0,48小时,0.01
1356,637,电话问诊,9.9,10分钟,0.99
1357,638,图文问诊,49.0,48小时,0.02
1358,638,电话问诊,49.0,10分钟,4.9
1359,639,图文问诊,29.0,48小时,0.01
1360,639,电话问诊,20.0,15分钟,1.33
1361,639,门诊加号,0.0,,
1362,639,视频问诊,30.0,15分钟,2.0
1363,640,图文问诊,49.0,48小时,0.02
1364,640,电话问诊,30.0,1010分钟,0.03
1365,640,私人医生,75.0,3天,0.02
1366,641,图文问诊,35.0,48小时,0.01
1367,641,电话问诊,35.0,10分钟,3.5
1368,642,图文问诊,29.0,48小时,0.01
1369,642,电话问诊,119.0,1510分钟,0.08
1370,643,图文问诊,35.0,48小时,0.01
1371,643,电话问诊,35.0,10分钟,3.5
1372,644,图文问诊,35.0,48小时,0.01
1373,644,电话问诊,40.0,1020分钟,0.04
1374,644,门诊加号,0.0,,
1375,644,视频问诊,75.0,10分钟,7.5
1376,645,图文问诊,30.0,48小时,0.01
1377,645,电话问诊,30.0,15分钟,2.0
1378,646,图文问诊,49.0,48小时,0.02
1379,646,电话问诊,49.0,10分钟,4.9
1380,646,私人医生,3000.0,1个月,0.07
1381,647,图文问诊,29.0,48小时,0.01
1382,647,电话问诊,49.0,15分钟,3.27
1383,648,图文问诊,49.0,48小时,0.02
1384,648,电话问诊,49.0,10分钟,4.9
1385,649,图文问诊,15.0,48小时,0.01
1386,650,图文问诊,49.9,48小时,0.02
1387,650,电话问诊,28.0,15分钟,1.87
1388,650,私人医生,119.0,1个月,0.0
1389,651,图文问诊,48.0,48小时,0.02
1390,651,电话问诊,49.0,10分钟,4.9
1391,652,图文问诊,49.0,48小时,0.02
1392,652,电话问诊,49.0,10分钟,4.9
1393,653,图文问诊,39.0,48小时,0.01
1394,653,电话问诊,49.0,15分钟,3.27
1395,653,视频问诊,59.0,15分钟,3.93
1396,654,图文问诊,20.0,48小时,0.01
1397,654,电话问诊,20.0,15分钟,1.33
1398,655,图文问诊,49.0,48小时,0.02
1399,655,电话问诊,49.0,10分钟,4.9
1400,656,图文问诊,30.0,48小时,0.01
1401,656,电话问诊,75.0,10分钟,7.5
1402,656,视频问诊,75.0,15分钟,5.0
1403,657,图文问诊,50.0,48小时,0.02
1404,658,图文问诊,29.0,48小时,0.01
1405,658,电话问诊,59.0,10分钟,5.9
1406,659,图文问诊,50.0,48小时,0.02
1407,659,私人医生,5000.0,30天,0.12
1408,660,图文问诊,39.0,48小时,0.01
1409,660,电话问诊,39.0,10分钟,3.9
1410,661,图文问诊,49.0,48小时,0.02
1411,661,电话问诊,49.0,10分钟,4.9
1412,662,图文问诊,49.0,48小时,0.02
1413,663,图文问诊,49.0,48小时,0.02
1414,663,电话问诊,80.0,15分钟,5.33
1415,664,图文问诊,30.0,48小时,0.01
1416,664,电话问诊,50.0,15分钟,3.33
1417,665,图文问诊,49.0,48小时,0.02
1418,665,电话问诊,75.0,15分钟,5.0
1419,665,专家团队,100.0,,
1420,666,电话问诊,50.0,15分钟,3.33
1421,666,视频问诊,50.0,15分钟,3.33
1422,666,私人医生,500.0,30天,0.01
1423,667,图文问诊,49.0,48小时,0.02
1424,667,电话问诊,49.0,10分钟,4.9
1425,668,电话问诊,119.0,1520分钟,0.08
1426,669,图文问诊,30.0,48小时,0.01
1427,669,电话问诊,30.0,10分钟,3.0
1428,670,图文问诊,50.0,48小时,0.02
1429,670,电话问诊,75.0,4030分钟,0.02
1430,670,门诊加号,0.0,,
1431,670,视频问诊,20.0,20分钟,1.0
1432,670,私人医生,120.0,1个月,0.0
1433,671,图文问诊,49.0,48小时,0.02
1434,671,电话问诊,49.0,10分钟,4.9
1435,672,图文问诊,19.0,48小时,0.01
1436,672,电话问诊,30.0,15分钟,2.0
1437,672,视频问诊,60.0,15分钟,4.0
1438,672,私人医生,45.0,1个月,0.0
1439,673,图文问诊,49.0,48小时,0.02
1440,673,电话问诊,75.0,15分钟,5.0
1441,673,视频问诊,75.0,15分钟,5.0
1442,673,私人医生,200.0,1个月,0.0
1443,674,图文问诊,19.0,48小时,0.01
1444,674,电话问诊,29.0,1510分钟,0.02
1445,674,私人医生,46.0,1个月,0.0
1446,675,电话问诊,49.0,10分钟,4.9
1447,675,私人医生,5000.0,30天,0.12
1448,676,电话问诊,30.0,15分钟,2.0
1449,676,视频问诊,100.0,15分钟,6.67
1450,676,私人医生,398.0,1个月,0.01
1451,677,图文问诊,10.0,48小时,0.0
1452,677,电话问诊,30.0,15分钟,2.0
1453,677,私人医生,500.0,30天,0.01
1454,678,图文问诊,30.0,48小时,0.01
1455,678,私人医生,300.0,1个月,0.01
1456,679,电话问诊,45.0,15分钟,3.0
1457,680,图文问诊,29.0,48小时,0.01
1458,680,电话问诊,29.0,10分钟,2.9
1459,681,图文问诊,19.0,48小时,0.01
1460,681,电话问诊,75.0,15分钟,5.0
1461,682,电话问诊,100.0,15分钟,6.67
1462,683,电话问诊,75.0,15分钟,5.0
1463,683,视频问诊,75.0,15分钟,5.0
1464,684,私人医生,300.0,1个月,0.01
1465,685,私人医生,100.0,7天,0.01
1466,686,私人医生,5000.0,30天,0.12
1467,687,电话问诊,50.0,2015分钟,0.02
1468,688,私人医生,500.0,1个月,0.01
1469,689,电话问诊,49.0,10分钟,4.9
1470,690,图文问诊,20.0,48小时,0.01
1471,690,电话问诊,50.0,15分钟,3.33
1472,690,视频问诊,100.0,15分钟,6.67
1473,690,私人医生,150.0,1天,0.1
1474,691,图文问诊,30.0,48小时,0.01
1475,691,电话问诊,30.0,10分钟,3.0
1476,692,私人医生,30.0,1天,0.02
1477,693,图文问诊,15.0,48小时,0.01
1478,693,电话问诊,19.0,10分钟,1.9
1479,693,视频问诊,30.0,15分钟,2.0
1480,693,私人医生,200.0,1个月,0.0
1481,694,图文问诊,30.0,48小时,0.01
1482,694,电话问诊,29.0,1510分钟,0.02
1483,695,图文问诊,19.0,48小时,0.01
1484,695,电话问诊,19.0,10分钟,1.9
1485,695,视频问诊,30.0,15分钟,2.0
1486,695,私人医生,180.0,1个月,0.0
1487,696,图文问诊,19.0,48小时,0.01
1488,696,电话问诊,19.0,10分钟,1.9
1489,697,图文问诊,19.0,48小时,0.01
1490,698,图文问诊,19.0,48小时,0.01
1491,698,电话问诊,19.0,10分钟,1.9
1492,699,图文问诊,19.0,48小时,0.01
1493,699,电话问诊,19.0,10分钟,1.9
1494,699,私人医生,60.0,1个月,0.0
1495,700,图文问诊,10.0,48小时,0.0
1496,700,电话问诊,19.0,10分钟,1.9
1497,701,图文问诊,19.0,48小时,0.01
1498,701,电话问诊,19.0,10分钟,1.9
1499,702,图文问诊,30.0,48小时,0.01
1500,702,电话问诊,88.0,15分钟,5.87
1501,702,视频问诊,100.0,15分钟,6.67
1502,703,图文问诊,9.0,48小时,0.0
1503,703,电话问诊,9.0,10分钟,0.9
1504,704,图文问诊,19.0,48小时,0.01
1505,704,电话问诊,30.0,15分钟,2.0
1506,704,视频问诊,50.0,15分钟,3.33
1507,704,私人医生,200.0,1个月,0.0
1508,705,,,,
1509,706,,,,
1510,707,,,,
1511,708,私人医生,100.0,1天,0.07
1512,709,,,,
1513,710,,,,
1514,711,,,,
1515,712,,,,
1516,713,,,,
1517,714,,,,
1518,715,,,,
1519,716,,,,
1520,717,,,,
1521,718,,,,
1522,719,,,,
1523,720,,,,
1524,721,,,,
1525,722,,,,
1526,723,,,,
1527,724,专家团队,30.0,,
1528,725,,,,
1529,726,,,,
1530,727,,,,
1531,728,,,,
1532,729,,,,
1533,730,,,,
1534,731,,,,
1535,732,,,,
1536,733,,,,
1537,734,,,,
1538,735,,,,
1539,736,,,,
1540,737,,,,
1541,738,,,,
1542,739,,,,
1543,740,,,,
1544,741,,,,
1545,742,,,,
1546,743,,,,
1547,744,,,,
1548,745,,,,
1549,746,,,,
1550,747,,,,
1551,748,,,,
1552,749,,,,
1553,750,,,,
1554,751,,,,
1555,752,,,,
1556,753,,,,
1557,754,,,,
1558,755,,,,
1559,756,,,,
1560,757,图文问诊,38.0,48小时,0.01
1561,757,电话问诊,100.0,10分钟,10.0
1562,757,门诊加号,0.0,,
1563,757,私人医生,500.0,365天,0.0
1564,758,图文问诊,35.0,48小时,0.01
1565,759,图文问诊,59.0,48小时,0.02
1566,759,电话问诊,59.0,10分钟,5.9
1567,760,图文问诊,39.0,48小时,0.01
1568,760,电话问诊,39.0,15分钟,2.6
1569,761,图文问诊,35.0,48小时,0.01
1570,761,电话问诊,50.0,10分钟,5.0
1571,761,视频问诊,119.0,10分钟,11.9
1572,761,私人医生,300.0,1个月,0.01
1573,762,图文问诊,59.0,48小时,0.02
1574,762,电话问诊,60.0,10分钟,6.0
1575,763,图文问诊,80.0,48小时,0.03
1576,763,电话问诊,100.0,10分钟,10.0
1577,763,视频问诊,268.0,15分钟,17.87
1578,764,图文问诊,49.0,48小时,0.02
1579,764,电话问诊,65.0,510分钟,0.13
1580,764,视频问诊,90.0,510分钟,0.18
1581,764,私人医生,119.0,1个月,0.0
1582,765,图文问诊,49.0,48小时,0.02
1583,765,电话问诊,60.0,15分钟,4.0
1584,765,视频问诊,100.0,15分钟,6.67
1585,766,图文问诊,15.0,48小时,0.01
1586,766,电话问诊,30.0,15分钟,2.0
1587,766,视频问诊,50.0,15分钟,3.33
1588,766,私人医生,500.0,1个月,0.01
1589,767,图文问诊,39.0,48小时,0.01
1590,767,电话问诊,69.0,10分钟,6.9
1591,767,私人医生,80.0,1个月,0.0
1592,768,图文问诊,49.0,48小时,0.02
1593,768,私人医生,300.0,1个月,0.01
1594,769,电话问诊,75.0,15分钟,5.0
1595,770,图文问诊,30.0,48小时,0.01
1596,770,电话问诊,20.0,10分钟,2.0
1597,770,门诊加号,0.0,,
1598,770,视频问诊,50.0,15分钟,3.33
1599,770,私人医生,72.0,1个月,0.0
1600,771,图文问诊,50.0,48小时,0.02
1601,771,电话问诊,100.0,10分钟,10.0
1602,771,门诊加号,0.0,,
1603,771,视频问诊,150.0,15分钟,10.0
1604,772,图文问诊,39.0,48小时,0.01
1605,772,电话问诊,35.0,10分钟,3.5
1606,773,图文问诊,49.0,48小时,0.02
1607,773,电话问诊,119.0,15分钟,7.93
1608,773,私人医生,500.0,1个月,0.01
1609,773,专家团队,100.0,,
1610,774,图文问诊,39.0,48小时,0.01
1611,774,电话问诊,69.0,15分钟,4.6
1612,775,图文问诊,59.0,48小时,0.02
1613,775,电话问诊,59.0,15分钟,3.93
1614,775,视频问诊,99.0,15分钟,6.6
1615,775,私人医生,199.0,3天,0.05
1616,776,图文问诊,50.0,48小时,0.02
1617,776,门诊加号,0.0,,
1618,777,图文问诊,65.0,48小时,0.02
1619,777,电话问诊,119.0,15分钟,7.93
1620,777,私人医生,600.0,1个月,0.01
1621,777,专家团队,100.0,,
1622,778,图文问诊,30.0,48小时,0.01
1623,778,电话问诊,49.0,1015分钟,0.05
1624,778,视频问诊,75.0,15分钟,5.0
1625,778,私人医生,72.0,1个月,0.0
1626,779,图文问诊,49.0,48小时,0.02
1627,780,图文问诊,69.0,48小时,0.02
1628,780,私人医生,398.0,1个月,0.01
1629,781,图文问诊,79.0,48小时,0.03
1630,781,电话问诊,79.0,10分钟,7.9
1631,781,视频问诊,119.0,15分钟,7.93
1632,781,私人医生,238.0,1个月,0.01
1633,782,图文问诊,25.0,48小时,0.01
1634,782,电话问诊,60.0,15分钟,4.0
1635,782,视频问诊,136.0,15分钟,9.07
1636,782,私人医生,180.0,1个月,0.0
1637,783,图文问诊,49.0,48小时,0.02
1638,784,图文问诊,50.0,48小时,0.02
1639,784,电话问诊,80.0,10分钟,8.0
1640,785,图文问诊,35.0,48小时,0.01
1641,785,电话问诊,35.0,10分钟,3.5
1642,786,图文问诊,50.0,48小时,0.02
1643,786,电话问诊,75.0,15分钟,5.0
1644,786,门诊加号,0.0,,
1645,786,视频问诊,50.0,15分钟,3.33
1646,786,私人医生,120.0,1个月,0.0
1647,787,图文问诊,50.0,48小时,0.02
1648,787,电话问诊,50.0,10分钟,5.0
1649,788,图文问诊,35.0,48小时,0.01
1650,788,电话问诊,50.0,10分钟,5.0
1651,788,视频问诊,119.0,15分钟,7.93
1652,788,私人医生,85.0,1个月,0.0
1653,789,图文问诊,35.0,48小时,0.01
1654,789,电话问诊,35.0,10分钟,3.5
1655,790,图文问诊,49.0,48小时,0.02
1656,790,电话问诊,100.0,10分钟,10.0
1657,790,视频问诊,100.0,10分钟,10.0
1658,791,图文问诊,69.0,48小时,0.02
1659,791,电话问诊,129.0,15分钟,8.6
1660,791,门诊加号,0.0,,
1661,791,视频问诊,199.0,15分钟,13.27
1662,791,私人医生,156.0,1个月,0.0
1663,792,图文问诊,80.0,48小时,0.03
1664,792,电话问诊,119.0,15分钟,7.93
1665,792,私人医生,2000.0,1个月,0.05
1666,793,图文问诊,99.0,48小时,0.03
1667,793,电话问诊,139.0,15分钟,9.27
1668,793,门诊加号,0.0,,
1669,793,视频问诊,199.0,15分钟,13.27
1670,793,私人医生,6000.0,365天,0.01
1671,794,图文问诊,35.0,48小时,0.01
1672,794,电话问诊,35.0,10分钟,3.5
1673,795,图文问诊,30.0,48小时,0.01
1674,795,私人医生,140.0,1个月,0.0
1675,796,图文问诊,35.0,48小时,0.01
1676,797,图文问诊,30.0,48小时,0.01
1677,797,门诊加号,-1.0,,
1678,798,图文问诊,39.0,48小时,0.01
1679,798,电话问诊,49.0,15分钟,3.27
1680,799,图文问诊,15.0,48小时,0.01
1681,799,电话问诊,30.0,10分钟,3.0
1682,800,图文问诊,79.0,48小时,0.03
1683,800,电话问诊,128.0,15分钟,8.53
1684,801,图文问诊,40.0,48小时,0.01
1685,801,电话问诊,50.0,15分钟,3.33
1686,801,私人医生,200.0,1个月,0.0
1687,802,图文问诊,26.0,48小时,0.01
1688,802,电话问诊,35.0,10分钟,3.5
1689,803,图文问诊,25.0,48小时,0.01
1690,803,电话问诊,99.0,10分钟,9.9
1691,804,图文问诊,30.0,48小时,0.01
1692,804,视频问诊,120.0,15分钟,8.0
1693,805,图文问诊,30.0,48小时,0.01
1694,805,电话问诊,45.0,15分钟,3.0
1695,805,视频问诊,45.0,15分钟,3.0
1696,805,私人医生,200.0,1个月,0.0
1697,806,图文问诊,49.0,48小时,0.02
1698,806,电话问诊,49.0,10分钟,4.9
1699,807,图文问诊,30.0,48小时,0.01
1700,807,电话问诊,119.0,15分钟,7.93
1701,807,门诊加号,0.0,,
1702,807,视频问诊,50.0,510分钟,0.1
1703,807,私人医生,72.0,1个月,0.0
1704,808,图文问诊,30.0,48小时,0.01
1705,808,视频问诊,50.0,15分钟,3.33
1706,808,私人医生,72.0,1个月,0.0
1707,809,图文问诊,69.0,48小时,0.02
1708,809,电话问诊,49.0,105分钟,0.47
1709,809,门诊加号,0.0,,
1710,809,视频问诊,119.0,2010分钟,0.06
1711,809,私人医生,199.0,1个月,0.0
1712,810,图文问诊,30.0,48小时,0.01
1713,810,电话问诊,50.0,15分钟,3.33
1714,810,私人医生,72.0,1个月,0.0
1715,811,电话问诊,75.0,15分钟,5.0
1716,811,视频问诊,75.0,1515分钟,0.05
1717,812,图文问诊,49.0,48小时,0.02
1718,812,电话问诊,49.0,10分钟,4.9
1719,813,图文问诊,100.0,48小时,0.03
1720,813,电话问诊,100.0,10分钟,10.0
1721,814,图文问诊,12.0,48小时,0.0
1722,815,图文问诊,49.0,48小时,0.02
1723,815,电话问诊,49.0,10分钟,4.9
1724,816,图文问诊,59.0,48小时,0.02
1725,816,电话问诊,199.0,15分钟,13.27
1726,816,视频问诊,75.0,15分钟,5.0
1727,817,图文问诊,69.0,48小时,0.02
1728,817,电话问诊,99.0,15分钟,6.6
1729,818,图文问诊,49.0,48小时,0.02
1730,818,电话问诊,49.0,10分钟,4.9
1731,819,图文问诊,49.0,48小时,0.02
1732,819,电话问诊,49.0,10分钟,4.9
1733,819,门诊加号,-1.0,,
1734,819,私人医生,119.0,1个月,0.0
1735,820,图文问诊,25.0,48小时,0.01
1736,820,电话问诊,35.0,10分钟,3.5
1737,821,图文问诊,50.0,48小时,0.02
1738,821,电话问诊,50.0,2010分钟,0.02
1739,821,视频问诊,100.0,15分钟,6.67
1740,821,私人医生,2000.0,1个月,0.05
1741,821,专家团队,100.0,,
1742,822,图文问诊,39.0,48小时,0.01
1743,822,电话问诊,75.0,10分钟,7.5
1744,823,图文问诊,49.0,48小时,0.02
1745,823,电话问诊,49.0,10分钟,4.9
1746,824,图文问诊,50.0,48小时,0.02
1747,825,图文问诊,49.0,48小时,0.02
1748,825,电话问诊,49.0,10分钟,4.9
1749,826,私人医生,120.0,1个月,0.0
1750,827,图文问诊,59.0,48小时,0.02
1751,827,电话问诊,59.0,10分钟,5.9
1752,827,私人医生,600.0,1个月,0.01
1753,828,图文问诊,66.0,48小时,0.02
1754,828,电话问诊,200.0,5分钟,40.0
1755,829,图文问诊,49.0,48小时,0.02
1756,830,图文问诊,50.0,48小时,0.02
1757,830,电话问诊,200.0,15分钟,13.33
1758,831,图文问诊,19.0,48小时,0.01
1759,831,电话问诊,30.0,15分钟,2.0
1760,832,门诊加号,0.0,,
1761,833,,,,
1762,834,图文问诊,25.0,48小时,0.01
1763,834,电话问诊,25.0,10分钟,2.5
1764,835,图文问诊,10.0,48小时,0.0
1765,835,电话问诊,10.0,10分钟,1.0
1766,836,图文问诊,19.0,48小时,0.01
1767,836,电话问诊,19.0,10分钟,1.9
1768,837,电话问诊,35.0,10分钟,3.5
1769,838,图文问诊,25.0,48小时,0.01
1770,838,电话问诊,25.0,10分钟,2.5
1771,839,图文问诊,25.0,48小时,0.01
1772,839,电话问诊,25.0,10分钟,2.5
1773,840,电话问诊,30.0,10分钟,3.0
1774,840,私人医生,72.0,1个月,0.0
1775,841,电话问诊,35.0,10分钟,3.5
1776,842,电话问诊,35.0,10分钟,3.5
1777,843,门诊加号,0.0,,
1778,844,电话问诊,36.0,10分钟,3.6
1779,844,私人医生,86.0,1个月,0.0
1780,845,电话问诊,35.0,10分钟,3.5
1781,846,门诊加号,0.0,,
1782,847,图文问诊,25.0,48小时,0.01
1783,847,电话问诊,30.0,10分钟,3.0
1784,848,电话问诊,119.0,15分钟,7.93
1785,849,电话问诊,35.0,10分钟,3.5
1786,850,图文问诊,29.0,48小时,0.01
1787,851,图文问诊,25.0,48小时,0.01
1788,852,图文问诊,29.0,48小时,0.01
1789,852,电话问诊,29.0,10分钟,2.9
1790,853,图文问诊,25.0,48小时,0.01
1791,853,电话问诊,30.0,10分钟,3.0
1792,853,视频问诊,49.0,15分钟,3.27
1793,854,图文问诊,20.0,48小时,0.01
1794,854,电话问诊,20.0,15分钟,1.33
1795,854,视频问诊,20.0,15分钟,1.33
1796,855,图文问诊,19.0,48小时,0.01
1797,855,电话问诊,29.0,15分钟,1.93
1798,855,视频问诊,29.0,15分钟,1.93
1799,855,私人医生,50.0,1个月,0.0
1800,855,专家团队,60.0,,
1801,856,图文问诊,30.0,48小时,0.01
1802,856,电话问诊,60.0,15分钟,4.0
1803,856,视频问诊,120.0,15分钟,8.0
1804,856,私人医生,200.0,1个月,0.0
1805,857,图文问诊,30.0,48小时,0.01
1806,857,电话问诊,10.0,10分钟,1.0
1807,857,私人医生,24.0,1个月,0.0
1808,858,图文问诊,49.0,48小时,0.02
1809,858,电话问诊,50.0,15分钟,3.33
1810,858,门诊加号,0.0,,
1811,858,视频问诊,100.0,15分钟,6.67
1812,858,私人医生,119.0,1个月,0.0
1813,859,图文问诊,50.0,48小时,0.02
1814,859,电话问诊,20.0,15分钟,1.33
1815,859,视频问诊,50.0,15分钟,3.33
1816,859,私人医生,300.0,100天,0.0
1817,860,电话问诊,89.0,15分钟,5.93
1818,861,图文问诊,50.0,48小时,0.02
1819,861,电话问诊,50.0,10分钟,5.0
1820,862,图文问诊,20.0,48小时,0.01
1821,862,电话问诊,30.0,15分钟,2.0
1822,862,门诊加号,0.0,,
1823,862,视频问诊,54.0,15分钟,3.6
1824,863,电话问诊,49.0,10分钟,4.9
1825,864,电话问诊,150.0,5分钟,30.0
1826,865,电话问诊,49.0,10分钟,4.9
1827,866,私人医生,100.0,5天,0.01
1828,867,门诊加号,0.0,,
1829,868,电话问诊,49.0,10分钟,4.9
1830,869,电话问诊,75.0,15分钟,5.0
1831,870,视频问诊,50.0,15分钟,3.33
1832,871,图文问诊,29.0,48小时,0.01
1833,871,电话问诊,29.0,10分钟,2.9
1834,872,,,,
1835,873,电话问诊,75.0,15分钟,5.0
1836,874,图文问诊,100.0,48小时,0.03
1837,874,电话问诊,100.0,5分钟,20.0
1838,874,私人医生,1000.0,1个月,0.02
1839,875,电话问诊,60.0,15分钟,4.0
1840,876,图文问诊,99.0,48小时,0.03
1841,876,电话问诊,99.0,1015分钟,0.1
1842,876,视频问诊,108.0,15分钟,7.2
1843,876,私人医生,199.0,7天,0.02
1844,876,专家团队,100.0,,
1845,877,私人医生,300.0,30天,0.01
1846,878,图文问诊,29.0,48小时,0.01
1847,878,私人医生,150.0,1个月,0.0
1848,878,专家团队,60.0,,
1849,879,私人医生,200.0,1个月,0.0
1850,880,图文问诊,19.0,48小时,0.01
1851,880,电话问诊,39.0,15分钟,2.6
1852,880,视频问诊,39.0,15分钟,2.6
1853,880,私人医生,59.0,1个月,0.0
1854,881,门诊加号,0.0,,
1855,881,私人医生,500.0,3天,0.12
1856,882,图文问诊,29.0,48小时,0.01
1857,882,电话问诊,29.0,10分钟,2.9
1858,883,电话问诊,60.0,15分钟,4.0
1859,883,视频问诊,100.0,15分钟,6.67
1860,883,私人医生,800.0,30天,0.02
1861,884,私人医生,29.0,30天,0.0
1862,885,图文问诊,19.0,48小时,0.01
1863,885,电话问诊,30.0,15分钟,2.0
1864,886,私人医生,45.0,30天,0.0
1865,887,图文问诊,16.0,48小时,0.01
1866,887,电话问诊,16.0,10分钟,1.6
1867,888,图文问诊,120.0,48小时,0.04
1868,888,电话问诊,36.0,5分钟,7.2
1869,888,视频问诊,120.0,15分钟,8.0
1870,888,私人医生,200.0,1个月,0.0
1871,889,图文问诊,42.0,48小时,0.01
1872,889,电话问诊,35.0,15分钟,2.33
1873,889,视频问诊,100.0,15分钟,6.67
1874,889,私人医生,500.0,1个月,0.01
1875,890,电话问诊,20.0,10分钟,2.0
1876,890,视频问诊,20.0,15分钟,1.33
1877,891,图文问诊,9.0,48小时,0.0
1878,891,电话问诊,20.0,15分钟,1.33
1879,891,视频问诊,20.0,15分钟,1.33
1880,892,图文问诊,29.0,48小时,0.01
1881,892,电话问诊,29.0,10分钟,2.9
1882,893,私人医生,600.0,90天,0.0
1883,894,电话问诊,19.0,10分钟,1.9
1884,895,图文问诊,10.0,48小时,0.0
1885,895,电话问诊,19.0,10分钟,1.9
1886,896,私人医生,5000.0,1天,3.47
1887,897,图文问诊,19.0,48小时,0.01
1888,897,电话问诊,19.0,10分钟,1.9
1889,897,视频问诊,30.0,15分钟,2.0
1890,897,私人医生,20.0,1个月,0.0
1891,898,私人医生,200.0,1个月,0.0
1892,899,图文问诊,20.0,48小时,0.01
1893,899,电话问诊,20.0,10分钟,2.0
1894,900,图文问诊,29.0,48小时,0.01
1895,900,电话问诊,45.0,105分钟,0.43
1896,901,图文问诊,19.0,48小时,0.01
1897,901,电话问诊,19.0,10分钟,1.9
1898,902,图文问诊,19.0,48小时,0.01
1899,903,图文问诊,29.0,48小时,0.01
1900,903,电话问诊,20.0,15分钟,1.33
1901,903,私人医生,150.0,7天,0.01
1902,904,图文问诊,19.0,48小时,0.01
1903,905,图文问诊,19.0,48小时,0.01
1904,905,电话问诊,32.0,10分钟,3.2
1905,905,私人医生,500.0,1个月,0.01
1906,906,私人医生,30.0,30天,0.0
1907,907,私人医生,77.0,5天,0.01
1908,908,图文问诊,19.0,48小时,0.01
1909,908,电话问诊,19.0,10分钟,1.9
1910,908,私人医生,20.0,1个月,0.0
1911,909,图文问诊,19.0,48小时,0.01
1912,909,电话问诊,19.0,10分钟,1.9
1913,910,,,,
1914,911,私人医生,100.0,1天,0.07
1915,911,专家团队,100.0,,
1916,912,图文问诊,19.0,48小时,0.01
1917,912,电话问诊,19.0,10分钟,1.9
1918,913,图文问诊,20.0,48小时,0.01
1919,913,电话问诊,20.0,15分钟,1.33
1920,914,,,,
1921,915,电话问诊,50.0,15分钟,3.33
1922,915,视频问诊,45.0,15分钟,3.0
1923,915,私人医生,300.0,1个月,0.01
1924,916,图文问诊,60.0,48小时,0.02
1925,916,电话问诊,100.0,15分钟,6.67
1926,916,视频问诊,50.0,15分钟,3.33
1927,917,图文问诊,19.0,48小时,0.01
1928,917,电话问诊,19.0,10分钟,1.9
1929,918,,,,
1930,919,,,,
1931,920,,,,
1932,921,,,,
1933,922,,,,
1934,923,,,,
1935,924,,,,
1936,925,,,,
1937,926,,,,
1938,927,,,,
1939,928,,,,
1940,929,,,,
1941,930,,,,
1942,931,,,,
1943,932,,,,
1944,933,,,,
1945,934,,,,
1946,935,,,,
1947,936,,,,
1948,937,,,,
1949,938,,,,
1950,939,,,,
1951,940,,,,
1952,941,,,,
1953,942,,,,
1954,943,,,,
1955,944,,,,
1956,945,,,,
1957,946,,,,
1958,947,,,,
1959,948,,,,
1960,949,,,,
1961,950,,,,
1962,951,,,,
1963,952,,,,
1964,953,,,,
1965,954,,,,
1966,955,,,,
1967,956,,,,
1968,957,,,,
1969,958,,,,
1970,959,,,,
1971,960,,,,
1972,961,,,,
1973,962,,,,
1974,963,,,,
1975,964,,,,
1976,965,,,,
1977,966,,,,
1978,967,,,,
1979,968,,,,
1980,969,,,,
1981,970,,,,
1982,971,,,,
1983,972,,,,
1984,973,,,,
1985,974,,,,
1986,975,,,,
1987,976,,,,
1988,977,,,,
1989,978,,,,
1990,979,,,,
1991,980,,,,
1992,981,,,,
1993,982,,,,
1994,983,,,,
1995,984,,,,
1996,985,,,,
1997,986,,,,
1998,987,,,,
1999,988,,,,
2000,989,,,,
2001,990,,,,
2002,991,,,,
2003,992,,,,
2004,993,,,,
2005,994,,,,
2006,995,,,,
2007,996,,,,
2008,997,专家团队,60.0,,
2009,998,,,,
2010,999,,,,
2011,1000,,,,
2012,1001,,,,
2013,1002,,,,
2014,1003,,,,
2015,1004,,,,
2016,1005,,,,
2017,1006,,,,
2018,1007,,,,
2019,1008,,,,
2020,1009,,,,
2021,1010,,,,
2022,1011,,,,
2023,1012,,,,
2024,1013,,,,
2025,1014,,,,
2026,1015,,,,
2027,1016,,,,
2028,1017,,,,
2029,1018,,,,
2030,1019,,,,
2031,1020,,,,
2032,1021,,,,
2033,1022,,,,
2034,1023,,,,
2035,1024,,,,
2036,1025,,,,
2037,1026,,,,
2038,1027,,,,
2039,1028,,,,
2040,1029,,,,
2041,1030,,,,
2042,1031,,,,
2043,1032,,,,
2044,1033,,,,
2045,1034,,,,
2046,1035,,,,
2047,1036,,,,
2048,1037,图文问诊,100.0,48小时,0.03
2049,1037,电话问诊,30.0,10分钟,3.0
2050,1038,图文问诊,39.0,48小时,0.01
2051,1038,电话问诊,58.0,1015分钟,0.06
2052,1038,视频问诊,65.0,1510分钟,0.04
2053,1038,私人医生,95.0,1个月,0.0
2054,1039,图文问诊,19.0,48小时,0.01
2055,1039,电话问诊,75.0,15分钟,5.0
2056,1039,门诊加号,0.0,,
2057,1039,私人医生,95.0,1个月,0.0
2058,1040,图文问诊,36.0,48小时,0.01
2059,1041,图文问诊,19.0,48小时,0.01
2060,1041,电话问诊,30.0,5分钟,6.0
2061,1041,门诊加号,0.0,,
2062,1041,视频问诊,40.0,5分钟,8.0
2063,1041,私人医生,200.0,1个月,0.0
2064,1042,图文问诊,39.9,48小时,0.01
2065,1042,私人医生,90.0,1个月,0.0
2066,1043,图文问诊,29.0,48小时,0.01
2067,1043,电话问诊,100.0,5分钟,20.0
2068,1044,图文问诊,20.0,48小时,0.01
2069,1044,电话问诊,25.0,3015分钟,0.01
2070,1045,图文问诊,20.0,48小时,0.01
2071,1045,视频问诊,119.0,15分钟,7.93
2072,1046,图文问诊,19.9,48小时,0.01
2073,1047,图文问诊,39.0,48小时,0.01
2074,1047,电话问诊,75.0,15分钟,5.0
2075,1047,门诊加号,0.0,,
2076,1047,视频问诊,90.0,15分钟,6.0
2077,1047,私人医生,60.0,1个月,0.0
2078,1048,图文问诊,99.0,48小时,0.03
2079,1048,电话问诊,150.0,1510分钟,0.1
2080,1048,私人医生,500.0,1个月,0.01
2081,1049,图文问诊,49.0,48小时,0.02
2082,1050,图文问诊,35.0,48小时,0.01
2083,1050,电话问诊,200.0,10分钟,20.0
2084,1050,视频问诊,119.0,10分钟,11.9
2085,1051,图文问诊,35.0,48小时,0.01
2086,1051,电话问诊,45.0,10分钟,4.5
2087,1051,视频问诊,55.0,15分钟,3.67
2088,1052,图文问诊,79.0,48小时,0.03
2089,1052,电话问诊,99.0,10分钟,9.9
2090,1052,门诊加号,0.0,,
2091,1053,图文问诊,59.0,48小时,0.02
2092,1053,电话问诊,119.0,15分钟,7.93
2093,1053,视频问诊,119.0,15分钟,7.93
2094,1053,私人医生,140.0,1个月,0.0
2095,1054,图文问诊,35.0,48小时,0.01
2096,1054,电话问诊,35.0,10分钟,3.5
2097,1054,视频问诊,119.0,15分钟,7.93
2098,1055,图文问诊,39.0,48小时,0.01
2099,1056,图文问诊,9.0,48小时,0.0
2100,1056,电话问诊,25.0,10分钟,2.5
2101,1056,私人医生,100.0,1个月,0.0
2102,1057,图文问诊,50.0,48小时,0.02
2103,1057,电话问诊,50.0,10分钟,5.0
2104,1058,图文问诊,25.0,48小时,0.01
2105,1059,图文问诊,25.0,48小时,0.01
2106,1060,图文问诊,25.0,48小时,0.01
2107,1061,图文问诊,15.0,48小时,0.01
2108,1061,电话问诊,38.0,10分钟,3.8
2109,1061,门诊加号,-1.0,,
2110,1061,视频问诊,40.0,15分钟,2.67
2111,1061,私人医生,29.0,1个月,0.0
2112,1061,专家团队,20.0,,
2113,1062,图文问诊,35.0,48小时,0.01
2114,1063,图文问诊,49.0,48小时,0.02
2115,1063,电话问诊,49.0,10分钟,4.9
2116,1064,图文问诊,49.0,48小时,0.02
2117,1064,电话问诊,75.0,3015分钟,0.02
2118,1064,私人医生,120.0,1个月,0.0
2119,1065,图文问诊,49.0,48小时,0.02
2120,1066,图文问诊,50.0,48小时,0.02
2121,1066,电话问诊,50.0,10分钟,5.0
2122,1067,图文问诊,49.0,48小时,0.02
2123,1067,电话问诊,49.0,10分钟,4.9
2124,1068,图文问诊,29.0,48小时,0.01
2125,1068,电话问诊,30.0,155分钟,0.19
2126,1068,视频问诊,45.0,15分钟,3.0
2127,1068,私人医生,2000.0,1个月,0.05
2128,1069,图文问诊,29.0,48小时,0.01
2129,1069,电话问诊,45.5,15分钟,3.03
2130,1070,图文问诊,35.0,48小时,0.01
2131,1070,电话问诊,35.0,10分钟,3.5
2132,1071,图文问诊,30.0,48小时,0.01
2133,1071,电话问诊,49.0,10分钟,4.9
2134,1072,图文问诊,49.0,48小时,0.02
2135,1072,电话问诊,75.0,15分钟,5.0
2136,1073,电话问诊,29.0,10分钟,2.9
2137,1074,图文问诊,20.0,48小时,0.01
2138,1074,视频问诊,50.0,15分钟,3.33
2139,1075,图文问诊,25.0,48小时,0.01
2140,1075,电话问诊,29.0,15分钟,1.93
2141,1075,私人医生,50.0,1天,0.03
2142,1076,图文问诊,49.0,48小时,0.02
2143,1077,图文问诊,49.0,48小时,0.02
2144,1077,电话问诊,49.0,10分钟,4.9
2145,1078,图文问诊,20.0,48小时,0.01
2146,1078,电话问诊,20.0,10分钟,2.0
2147,1079,图文问诊,35.0,48小时,0.01
2148,1079,电话问诊,35.0,10分钟,3.5
2149,1080,电话问诊,119.0,15分钟,7.93
2150,1080,视频问诊,60.0,15分钟,4.0
2151,1080,私人医生,39.0,1个月,0.0
2152,1081,图文问诊,49.0,48小时,0.02
2153,1081,电话问诊,49.0,10分钟,4.9
2154,1082,图文问诊,49.0,48小时,0.02
2155,1082,电话问诊,49.0,10分钟,4.9
2156,1082,私人医生,300.0,1个月,0.01
2157,1083,电话问诊,100.0,15分钟,6.67
2158,1083,门诊加号,0.0,,
2159,1084,电话问诊,35.0,10分钟,3.5
2160,1085,电话问诊,35.0,10分钟,3.5
2161,1085,私人医生,119.0,30天,0.0
2162,1086,图文问诊,20.0,48小时,0.01
2163,1086,电话问诊,20.0,10分钟,2.0
2164,1087,图文问诊,20.0,48小时,0.01
2165,1087,电话问诊,20.0,10分钟,2.0
2166,1088,电话问诊,100.0,15分钟,6.67
2167,1089,图文问诊,25.0,48小时,0.01
2168,1089,电话问诊,25.0,10分钟,2.5
2169,1090,门诊加号,0.0,,
2170,1091,图文问诊,10.0,48小时,0.0
2171,1091,电话问诊,29.0,1510分钟,0.02
2172,1091,视频问诊,100.0,15分钟,6.67
2173,1091,私人医生,199.0,1个月,0.0
2174,1092,图文问诊,20.0,48小时,0.01
2175,1092,电话问诊,20.0,10分钟,2.0
2176,1093,电话问诊,75.0,15分钟,5.0
2177,1093,视频问诊,75.0,15分钟,5.0
2178,1093,私人医生,119.0,1个月,0.0
2179,1094,图文问诊,20.0,48小时,0.01
2180,1094,电话问诊,20.0,15分钟,1.33
2181,1095,图文问诊,9.0,48小时,0.0
2182,1095,电话问诊,20.0,10分钟,2.0
2183,1095,视频问诊,20.0,15分钟,1.33
2184,1095,私人医生,50.0,1个月,0.0
2185,1096,电话问诊,35.0,10分钟,3.5
2186,1097,私人医生,1000.0,365天,0.0
2187,1098,图文问诊,39.0,48小时,0.01
2188,1098,电话问诊,60.0,10分钟,6.0
2189,1098,视频问诊,45.0,15分钟,3.0
2190,1099,图文问诊,20.0,48小时,0.01
2191,1099,电话问诊,45.0,1510分钟,0.03
2192,1099,视频问诊,45.0,15分钟,3.0
2193,1099,私人医生,48.0,1个月,0.0
2194,1100,电话问诊,20.0,10分钟,2.0
2195,1100,视频问诊,75.0,15分钟,5.0
2196,1101,图文问诊,9.0,48小时,0.0
2197,1101,电话问诊,19.0,1030分钟,0.02
2198,1102,图文问诊,19.0,48小时,0.01
2199,1102,电话问诊,19.0,10分钟,1.9
2200,1128,图文问诊,19.0,48小时,0.01
2201,1128,电话问诊,19.0,10分钟,1.9
2202,1129,图文问诊,19.0,48小时,0.01
2203,1129,电话问诊,49.0,10分钟,4.9
2204,1129,视频问诊,75.0,10分钟,7.5
2205,1129,私人医生,150.0,1个月,0.0
2206,1277,图文问诊,50.0,48小时,0.02
2207,1277,电话问诊,100.0,15分钟,6.67
2208,1277,视频问诊,100.0,15分钟,6.67
2209,1278,图文问诊,49.0,48小时,0.02
2210,1278,电话问诊,49.0,15分钟,3.27
2211,1278,视频问诊,75.0,15分钟,5.0
2212,1279,图文问诊,50.0,48小时,0.02
2213,1279,电话问诊,50.0,10分钟,5.0
2214,1280,电话问诊,60.0,105分钟,0.57
2215,1280,私人医生,80.0,1个月,0.0
2216,1281,图文问诊,39.0,48小时,0.01
2217,1281,电话问诊,59.0,10分钟,5.9
2218,1282,电话问诊,35.0,10分钟,3.5
2219,1283,图文问诊,19.0,48小时,0.01
2220,1283,电话问诊,30.0,105分钟,0.29
2221,1283,视频问诊,80.0,5分钟,16.0
2222,1283,私人医生,7200.0,12个月,0.01
2223,1284,图文问诊,19.0,48小时,0.01
2224,1284,电话问诊,19.0,10分钟,1.9
2225,1285,图文问诊,25.0,48小时,0.01
2226,1285,电话问诊,30.0,10分钟,3.0
2227,1286,图文问诊,19.0,48小时,0.01
2228,1286,电话问诊,19.0,10分钟,1.9
2229,1286,私人医生,100.0,1个月,0.0
2230,1287,图文问诊,12.0,48小时,0.0
2231,1287,电话问诊,25.0,15分钟,1.67
2232,1287,视频问诊,35.0,15分钟,2.33
2233,1287,私人医生,36.0,1个月,0.0
2234,1288,电话问诊,200.0,15分钟,13.33
2235,1289,电话问诊,30.0,15分钟,2.0
2236,1290,图文问诊,19.0,48小时,0.01
2237,1290,电话问诊,19.0,10分钟,1.9
2238,1291,图文问诊,49.0,48小时,0.02
2239,1291,电话问诊,50.0,1510分钟,0.03
2240,1291,视频问诊,75.0,15分钟,5.0
2241,1291,私人医生,100.0,1个月,0.0
2242,1292,图文问诊,30.0,48小时,0.01
2243,1292,电话问诊,30.0,15分钟,2.0
2244,1292,门诊加号,0.0,,
2245,1292,视频问诊,45.0,1020分钟,0.04
2246,1292,私人医生,180.0,1个月,0.0
2247,1293,图文问诊,49.0,48小时,0.02
2248,1293,电话问诊,49.0,10分钟,4.9
2249,1294,图文问诊,49.0,48小时,0.02
2250,1294,电话问诊,49.0,10分钟,4.9
2251,1295,图文问诊,19.9,48小时,0.01
2252,1295,电话问诊,45.0,15分钟,3.0
2253,1295,视频问诊,69.0,15分钟,4.6
2254,1296,图文问诊,25.0,48小时,0.01
2255,1296,电话问诊,25.0,10分钟,2.5
2256,1297,电话问诊,80.0,15分钟,5.33
2257,1297,视频问诊,80.0,15分钟,5.33
2258,1297,私人医生,120.0,1个月,0.0
2259,1298,图文问诊,10.0,48小时,0.0
2260,1298,电话问诊,25.0,10分钟,2.5
2261,1299,图文问诊,30.0,48小时,0.01
2262,1300,图文问诊,49.0,48小时,0.02
2263,1300,电话问诊,49.0,10分钟,4.9
2264,1301,电话问诊,29.0,10分钟,2.9
2265,1302,电话问诊,75.0,15分钟,5.0
2266,1302,专家团队,100.0,,
2267,1303,图文问诊,29.0,48小时,0.01
2268,1303,电话问诊,45.0,15分钟,3.0
2269,1304,图文问诊,19.0,48小时,0.01
2270,1304,电话问诊,19.0,10分钟,1.9
2271,1305,私人医生,5000.0,365天,0.01
2272,1306,图文问诊,29.0,48小时,0.01
2273,1306,电话问诊,29.0,10分钟,2.9
2274,1307,电话问诊,75.0,15分钟,5.0
2275,1308,图文问诊,29.0,48小时,0.01
2276,1308,电话问诊,60.0,15分钟,4.0
2277,1308,视频问诊,200.0,15分钟,13.33
2278,1308,私人医生,199.0,10天,0.01
2279,1309,电话问诊,30.0,10分钟,3.0
2280,1309,视频问诊,150.0,15分钟,10.0
2281,1309,私人医生,100.0,1天,0.07
2282,1310,图文问诊,29.0,48小时,0.01
2283,1310,电话问诊,29.0,10分钟,2.9
2284,1310,视频问诊,45.0,15分钟,3.0
2285,1311,图文问诊,19.0,48小时,0.01
2286,1311,电话问诊,19.0,10分钟,1.9
2287,1312,私人医生,50.0,3天,0.01
2288,1313,私人医生,100.0,1天,0.07
2289,1314,图文问诊,29.0,48小时,0.01
2290,1314,电话问诊,29.0,10分钟,2.9
2291,1314,私人医生,1000.0,1个月,0.02
2292,1315,图文问诊,9.0,48小时,0.0
2293,1315,电话问诊,29.0,10分钟,2.9
2294,1315,私人医生,100.0,4天,0.02
2295,1316,图文问诊,29.0,48小时,0.01
2296,1316,电话问诊,29.0,10分钟,2.9
2297,1317,图文问诊,19.0,48小时,0.01
2298,1318,图文问诊,19.0,48小时,0.01
2299,1318,电话问诊,19.0,10分钟,1.9
2300,1319,图文问诊,19.0,48小时,0.01
2301,1320,图文问诊,19.0,48小时,0.01
2302,1320,电话问诊,19.0,10分钟,1.9
2303,1321,私人医生,50.0,7天,0.0
2304,1322,图文问诊,19.0,48小时,0.01
2305,1322,电话问诊,19.0,10分钟,1.9
2306,1323,图文问诊,19.0,48小时,0.01
2307,1323,电话问诊,19.0,10分钟,1.9
2308,1324,,,,
2309,1325,图文问诊,19.0,48小时,0.01
2310,1325,电话问诊,20.0,10分钟,2.0
2311,1325,门诊加号,0.0,,
2312,1326,,,,
2313,1327,图文问诊,19.0,48小时,0.01
2314,1327,电话问诊,19.0,10分钟,1.9
2315,1328,图文问诊,19.0,48小时,0.01
2316,1328,电话问诊,19.0,10分钟,1.9
2317,1329,图文问诊,9.0,48小时,0.0
2318,1329,电话问诊,20.0,10分钟,2.0
2319,1329,视频问诊,30.0,5分钟,6.0
2320,1330,,,,
2321,1331,,,,
2322,1332,,,,
2323,1333,,,,
2324,1334,,,,
2325,1335,,,,
2326,1336,,,,
2327,1337,,,,
2328,1338,,,,
2329,1339,,,,
2330,1340,,,,
2331,1341,,,,
2332,1342,,,,
2333,1343,,,,
2334,1344,,,,
2335,1345,,,,
2336,1346,,,,
2337,1347,,,,
2338,1348,,,,
2339,1349,,,,
2340,1350,,,,
2341,1351,,,,
2342,1352,,,,
2343,1353,,,,
2344,1354,,,,
2345,1355,,,,
2346,1356,,,,
2347,1357,,,,
2348,1358,,,,
2349,1359,,,,
2350,1360,,,,
2351,1361,,,,
2352,1362,,,,
2353,1363,,,,
2354,1364,,,,
2355,1365,,,,
2356,1366,,,,
2357,1367,,,,
2358,1368,,,,
2359,1369,,,,
2360,1370,,,,
2361,1371,,,,
2362,1372,,,,
2363,1373,,,,
2364,1374,,,,
2365,1375,,,,
2366,1376,,,,
2367,1377,,,,
2368,1378,,,,
2369,1379,,,,
2370,1380,,,,
2371,1381,,,,
2372,1382,,,,
2373,1383,,,,
2374,1384,,,,
2375,1385,,,,
2376,1386,,,,
2377,1387,,,,
2378,1388,,,,
2379,1389,,,,
2380,1390,,,,
2381,1391,,,,
2382,1392,,,,
2383,1393,,,,
2384,1394,,,,
2385,1395,,,,
2386,1396,,,,
2387,1397,,,,
2388,1398,,,,
2389,1399,,,,
